time,open,high,low,close
2017-07-14T00:00:00Z,0.175,0.31,0.174,0.184
2017-07-15T00:00:00Z,0.185,0.1882245,0.136,0.17123643
2017-07-16T00:00:00Z,0.171,0.175,0.127,0.15399971
2017-07-17T00:00:00Z,0.15299999,0.171,0.14,0.170098
2017-07-18T00:00:00Z,0.170098,0.19,0.159,0.17999676
2017-07-19T00:00:00Z,0.17999206,0.185,0.155,0.16
2017-07-20T00:00:00Z,0.162,0.19899999,0.1605,0.192
2017-07-21T00:00:00Z,0.18999961,0.193,0.1814,0.1814
2017-07-22T00:00:00Z,0.181445,0.214,0.181,0.198
2017-07-23T00:00:00Z,0.199,0.20899999,0.18650001,0.19600151
2017-07-24T00:00:00Z,0.19879727,0.19999831,0.19,0.192
2017-07-25T00:00:00Z,0.19399926,0.19399999,0.16375214,0.175
2017-07-26T00:00:00Z,0.175,0.17999998,0.16441315,0.175
2017-07-27T00:00:00Z,0.17100303,0.17589,0.169,0.172
2017-07-28T00:00:00Z,0.17489629,0.17489629,0.15590012,0.162
2017-07-29T00:00:00Z,0.162,0.17199997,0.15300003,0.171
2017-07-30T00:00:00Z,0.171,0.17234,0.16000333,0.16397242
2017-07-31T00:00:00Z,0.16102909,0.16899964,0.15810001,0.16699357
2017-08-01T00:00:00Z,0.167,0.185,0.15500001,0.177
2017-08-02T00:00:00Z,0.178,0.18,0.167,0.17100003
2017-08-03T00:00:00Z,0.172,0.177,0.168,0.1745
2017-08-04T00:00:00Z,0.175,0.177,0.171,0.174
2017-08-05T00:00:00Z,0.17499951,0.192,0.1714999,0.184
2017-08-06T00:00:00Z,0.18300008,0.18999997,0.1783,0.180111
2017-08-07T00:00:00Z,0.181,0.1827994,0.17600022,0.1782
2017-08-08T00:00:00Z,0.1782,0.1999181,0.177,0.195
2017-08-09T00:00:00Z,0.195,0.1950006,0.180565,0.1823
2017-08-10T00:00:00Z,0.183,0.18420191,0.178,0.18199821
2017-08-11T00:00:00Z,0.18199587,0.184,0.17500001,0.177
2017-08-12T00:00:00Z,0.17809465,0.182,0.1701,0.17399351
2017-08-13T00:00:00Z,0.1701,0.17398902,0.159,0.1651
2017-08-14T00:00:00Z,0.1679892,0.18,0.16510003,0.16899998
2017-08-15T00:00:00Z,0.168,0.168,0.15180898,0.158
2017-08-16T00:00:00Z,0.158,0.162,0.149,0.16
2017-08-17T00:00:00Z,0.16149948,0.16205,0.154,0.15743684
2017-08-18T00:00:00Z,0.15743684,0.17099963,0.1511,0.156
2017-08-19T00:00:00Z,0.15778098,0.16273478,0.145,0.15200001
2017-08-20T00:00:00Z,0.152,0.16199994,0.14898001,0.15999718
2017-08-21T00:00:00Z,0.15998988,0.235,0.152,0.198
2017-08-22T00:00:00Z,0.198,0.262,0.16981479,0.243
2017-08-23T00:00:00Z,0.243,0.2999,0.21595326,0.2461
2017-08-24T00:00:00Z,0.2461,0.28799999,0.2115,0.216
2017-08-25T00:00:00Z,0.216,0.23,0.203,0.2175
2017-08-26T00:00:00Z,0.21872728,0.23,0.207,0.21
2017-08-27T00:00:00Z,0.2091,0.21159224,0.1938,0.202
2017-08-28T00:00:00Z,0.202,0.24,0.19401033,0.2259478
2017-08-29T00:00:00Z,0.2259478,0.22699999,0.212,0.2191
2017-08-30T00:00:00Z,0.219,0.23377784,0.217,0.23100001
2017-08-31T00:00:00Z,0.231,0.26399,0.228,0.259
2017-09-01T00:00:00Z,0.259,0.26,0.243,0.252
2017-09-02T00:00:00Z,0.25464048,0.25464048,0.20925191,0.22436455
2017-09-03T00:00:00Z,0.22436454,0.23766376,0.21460001,0.229
2017-09-04T00:00:00Z,0.23099999,0.23099999,0.185,0.202
2017-09-05T00:00:00Z,0.202,0.22,0.1867491,0.21688964
2017-09-06T00:00:00Z,0.21688999,0.232,0.21400006,0.23010002
2017-09-07T00:00:00Z,0.23000004,0.23375355,0.21800001,0.227
2017-09-08T00:00:00Z,0.227,0.229,0.19306,0.21
2017-09-09T00:00:00Z,0.20900015,0.214,0.206,0.213
2017-09-10T00:00:00Z,0.213,0.2244,0.19700022,0.218
2017-09-11T00:00:00Z,0.21733,0.222,0.2089,0.214
2017-09-12T00:00:00Z,0.214,0.22481964,0.203,0.209
2017-09-13T00:00:00Z,0.20999999,0.21095042,0.19,0.1972
2017-09-14T00:00:00Z,0.19999112,0.2001,0.16530939,0.169
2017-09-15T00:00:00Z,0.16900001,0.19277487,0.14640704,0.18490748
2017-09-16T00:00:00Z,0.184,0.19278,0.17261503,0.183
2017-09-17T00:00:00Z,0.18255374,0.184,0.17,0.181
2017-09-18T00:00:00Z,0.1818,0.1945,0.181,0.193
2017-09-19T00:00:00Z,0.193,0.19499999,0.181,0.18402949
2017-09-20T00:00:00Z,0.18402949,0.18822375,0.181,0.18225927
2017-09-21T00:00:00Z,0.1820001,0.18399999,0.16930127,0.17249994
2017-09-22T00:00:00Z,0.17000001,0.177,0.16650001,0.17249999
2017-09-23T00:00:00Z,0.172172,0.18055,0.17,0.179
2017-09-24T00:00:00Z,0.179,0.18,0.17272721,0.17695
2017-09-25T00:00:00Z,0.1765,0.187,0.174,0.18596532
2017-09-26T00:00:00Z,0.185,0.20022501,0.18018771,0.1894
2017-09-27T00:00:00Z,0.18984999,0.215,0.18700001,0.21
2017-09-28T00:00:00Z,0.20910002,0.20999999,0.19610001,0.20379985
2017-09-29T00:00:00Z,0.2037985,0.20379851,0.187,0.19600196
2017-09-30T00:00:00Z,0.198,0.20699999,0.195,0.2
2017-10-01T00:00:00Z,0.2,0.20861167,0.196,0.2085
2017-10-02T00:00:00Z,0.20877049,0.20989999,0.1999,0.20475767
2017-10-03T00:00:00Z,0.203,0.20689,0.19770205,0.20399798
2017-10-04T00:00:00Z,0.20399798,0.217,0.20122,0.21411999
2017-10-05T00:00:00Z,0.21412002,0.24550621,0.21412002,0.238869
2017-10-06T00:00:00Z,0.239,0.24499999,0.23286,0.234
2017-10-07T00:00:00Z,0.23421235,0.24184,0.23286001,0.239
2017-10-08T00:00:00Z,0.24015787,0.28236821,0.23800029,0.2805
2017-10-09T00:00:00Z,0.2805,0.2819996,0.23364,0.2512218
2017-10-10T00:00:00Z,0.2526191,0.2669009,0.24138464,0.25999499
2017-10-11T00:00:00Z,0.25999499,0.26624,0.256001,0.26388999
2017-10-12T00:00:00Z,0.26388999,0.26499999,0.2455,0.24568
2017-10-13T00:00:00Z,0.246,0.26498778,0.23307,0.25999999
2017-10-14T00:00:00Z,0.25999999,0.2692002,0.255,0.25519996
2017-10-15T00:00:00Z,0.25519997,0.269,0.24777165,0.264
2017-10-16T00:00:00Z,0.26300002,0.3,0.251,0.25899988
2017-10-17T00:00:00Z,0.25899988,0.26647167,0.21276045,0.2308497
2017-10-18T00:00:00Z,0.22898787,0.23550001,0.20274,0.217
2017-10-19T00:00:00Z,0.217,0.232,0.2053541,0.21436029
2017-10-20T00:00:00Z,0.21436029,0.223,0.20506,0.20798
2017-10-21T00:00:00Z,0.20849998,0.2107932,0.197,0.20966733
2017-10-22T00:00:00Z,0.20966733,0.211,0.19510001,0.2019998
2017-10-23T00:00:00Z,0.202,0.2045,0.18495,0.192
2017-10-24T00:00:00Z,0.192,0.21696999,0.18,0.2035
2017-10-25T00:00:00Z,0.2033,0.20455,0.195,0.20250999
2017-10-26T00:00:00Z,0.201,0.20441812,0.20018564,0.202
2017-10-27T00:00:00Z,0.20176722,0.20309895,0.19852,0.19977222
2017-10-28T00:00:00Z,0.20020658,0.20089505,0.1973,0.19939949
2017-10-29T00:00:00Z,0.1982,0.204,0.19670069,0.202
2017-10-30T00:00:00Z,0.202,0.20429,0.2005992,0.2025
2017-10-31T00:00:00Z,0.2015,0.2042555,0.19811,0.19811
2017-11-01T00:00:00Z,0.19811,0.20099012,0.1899,0.19179968
2017-11-02T00:00:00Z,0.19179856,0.20714857,0.172,0.2
2017-11-03T00:00:00Z,0.2,0.24427066,0.19522151,0.2056
2017-11-04T00:00:00Z,0.20561,0.2058,0.2,0.20199985
2017-11-05T00:00:00Z,0.20195,0.20346934,0.19817104,0.20099999
2017-11-06T00:00:00Z,0.2000001,0.20603921,0.19777903,0.20130001
2017-11-07T00:00:00Z,0.20249992,0.2058,0.19934411,0.20480007
2017-11-08T00:00:00Z,0.204,0.21951,0.20198,0.2148
2017-11-09T00:00:00Z,0.215,0.22173,0.21243,0.21558329
2017-11-10T00:00:00Z,0.21500001,0.221,0.19825,0.2022001
2017-11-11T00:00:00Z,0.20270963,0.214,0.20069204,0.2098
2017-11-12T00:00:00Z,0.208,0.20899998,0.18407173,0.192
2017-11-13T00:00:00Z,0.19101,0.20048,0.19000002,0.2
2017-11-14T00:00:00Z,0.2,0.2099888,0.199,0.205
2017-11-15T00:00:00Z,0.205,0.20958554,0.20302263,0.20867128
2017-11-16T00:00:00Z,0.20872,0.29,0.20543897,0.22761619
2017-11-17T00:00:00Z,0.2275,0.242,0.21614469,0.222501
2017-11-18T00:00:00Z,0.22460002,0.22926653,0.218,0.22738641
2017-11-19T00:00:00Z,0.22811111,0.2369,0.2233,0.23199935
2017-11-20T00:00:00Z,0.23199935,0.24646,0.23199919,0.240801
2017-11-21T00:00:00Z,0.240801,0.24443,0.22909,0.232
2017-11-22T00:00:00Z,0.232,0.2420001,0.23176011,0.23896852
2017-11-23T00:00:00Z,0.23896852,0.2499888,0.2350001,0.23999996
2017-11-24T00:00:00Z,0.2395,0.24336791,0.23006,0.24
2017-11-25T00:00:00Z,0.24,0.25147,0.2379,0.24700001
2017-11-26T00:00:00Z,0.24700001,0.248,0.24,0.24281001
2017-11-27T00:00:00Z,0.244,0.24877,0.23725,0.247
2017-11-28T00:00:00Z,0.247,0.2814,0.2465,0.27900215
2017-11-29T00:00:00Z,0.27900235,0.27900235,0.218,0.23647005
2017-11-30T00:00:00Z,0.23647005,0.25,0.2181,0.23599982
2017-12-01T00:00:00Z,0.23598979,0.25,0.22455012,0.2460001
2017-12-02T00:00:00Z,0.2460001,0.25,0.24,0.244
2017-12-03T00:00:00Z,0.244,0.26,0.23485142,0.24522
2017-12-04T00:00:00Z,0.24522,0.25,0.235,0.246
2017-12-05T00:00:00Z,0.2459381,0.24646,0.23211075,0.233
2017-12-06T00:00:00Z,0.233,0.236,0.20636127,0.21568
2017-12-07T00:00:00Z,0.21467547,0.21878918,0.2,0.20229998
2017-12-08T00:00:00Z,0.20229998,0.279,0.197,0.23284921
2017-12-09T00:00:00Z,0.23333881,0.24728365,0.2288299,0.23799974
2017-12-10T00:00:00Z,0.23517741,0.2377741,0.22,0.2297
2017-12-11T00:00:00Z,0.2297,0.24741717,0.22962514,0.244988
2017-12-12T00:00:00Z,0.244988,0.46,0.24418242,0.37850103
2017-12-13T00:00:00Z,0.38,0.49444444,0.325,0.455
2017-12-14T00:00:00Z,0.455,0.87321513,0.44723744,0.834
2017-12-15T00:00:00Z,0.834,0.837,0.61300063,0.73729993
2017-12-16T00:00:00Z,0.7358,0.8156,0.72,0.74001
2017-12-17T00:00:00Z,0.74001,0.752,0.7009,0.70999802
2017-12-18T00:00:00Z,0.70999802,0.792,0.664,0.75280004
2017-12-19T00:00:00Z,0.75999999,0.83900004,0.7,0.73
2017-12-20T00:00:00Z,0.73399999,0.75,0.617,0.71390002
2017-12-21T00:00:00Z,0.71699125,1.187,0.71699125,1.11888998
2017-12-22T00:00:00Z,1.11,1.239,0.65,1.01000003
2017-12-23T00:00:00Z,1.01000003,1.069,0.91695765,0.99311673
2017-12-24T00:00:00Z,0.98010098,0.99799999,0.81063281,0.97
2017-12-25T00:00:00Z,0.96999999,1.01581094,0.9142,0.97999983
2017-12-26T00:00:00Z,0.97989999,1.09499999,0.961,1.07809999
2017-12-27T00:00:00Z,1.075,1.285,1.06225043,1.20600085
2017-12-28T00:00:00Z,1.20600085,1.3257434,1.06,1.24999996
2017-12-29T00:00:00Z,1.24999996,1.9679,1.246,1.91
2017-12-30T00:00:00Z,1.91,2.79000009,1.739,1.82000083
2017-12-31T00:00:00Z,1.82000089,2.1,1.605,1.96
2018-01-01T00:00:00Z,1.959,2.09766,1.79923344,2.02999997
2018-01-02T00:00:00Z,2.03,2.2205,1.90007654,2.186
2018-01-03T00:00:00Z,2.186,2.885,2.15,2.73949998
2018-01-04T00:00:00Z,2.73,3.2999998,2.482812,2.73581859
2018-01-05T00:00:00Z,2.73581859,3.08,2.253009,2.51999998
2018-01-06T00:00:00Z,2.501,2.849,2.45000001,2.635
2018-01-07T00:00:00Z,2.636,2.8,2.57,2.76099908
2018-01-08T00:00:00Z,2.75,2.75996976,1.89,2.3900001
2018-01-09T00:00:00Z,2.39,2.47745213,1.90371128,2.0501
2018-01-10T00:00:00Z,2.0501,2.12,1.614,1.94
2018-01-11T00:00:00Z,1.94,2.26,1.515,1.91003075
2018-01-12T00:00:00Z,1.925,2.15999999,1.7885,2.02
2018-01-13T00:00:00Z,2.02,2.0911,1.95,1.98601997
2018-01-14T00:00:00Z,1.98005002,1.98601997,1.7333,1.833
2018-01-15T00:00:00Z,1.83299997,1.88072998,1.6191,1.65476
2018-01-16T00:00:00Z,1.6564,1.67999996,0.8338,1.14
2018-01-17T00:00:00Z,1.14,1.38419989,0.8550001,1.29
2018-01-18T00:00:00Z,1.288,1.71841969,1.221,1.53321001
2018-01-19T00:00:00Z,1.545,1.665,1.452,1.527
2018-01-20T00:00:00Z,1.527,1.62254,1.47,1.56000002
2018-01-21T00:00:00Z,1.56000002,1.5678,1.302,1.36
2018-01-22T00:00:00Z,1.36,1.41,1.132,1.3400001
2018-01-23T00:00:00Z,1.3400001,1.4329315,1.17572979,1.33549999
2018-01-24T00:00:00Z,1.334,1.416999,1.2851,1.35522238
2018-01-25T00:00:00Z,1.35522238,1.38014554,1.277,1.301
2018-01-26T00:00:00Z,1.3064999,1.32469494,1.105,1.205
2018-01-27T00:00:00Z,1.21096365,1.252,1.1700005,1.22002075
2018-01-28T00:00:00Z,1.22002075,1.4,1.21356421,1.3628
2018-01-29T00:00:00Z,1.3628,1.37686909,1.25191823,1.273
2018-01-30T00:00:00Z,1.273,1.273,1.085,1.114
2018-01-31T00:00:00Z,1.1126,1.15260018,1.023,1.141
2018-02-01T00:00:00Z,1.141,1.144,0.90584417,0.95000135
2018-02-02T00:00:00Z,0.9505,0.96619625,0.67243,0.90597979
2018-02-03T00:00:00Z,0.90594955,1.0199,0.78,0.96
2018-02-04T00:00:00Z,0.95,0.977,0.781,0.81243
2018-02-05T00:00:00Z,0.81243,0.84,0.64,0.68299983
2018-02-06T00:00:00Z,0.68299983,0.78043496,0.57397,0.76000043
2018-02-07T00:00:00Z,0.760001,0.809,0.69073326,0.714
2018-02-08T00:00:00Z,0.71578498,0.78910467,0.70688912,0.78
2018-02-09T00:00:00Z,0.77800312,0.92781068,0.74000001,0.918
2018-02-10T00:00:00Z,0.91669901,1.226475,0.90000016,1.026
2018-02-11T00:00:00Z,1.026,1.03999999,0.88776542,0.9555001
2018-02-12T00:00:00Z,0.9555001,1.07400002,0.9555001,1.04054011
2018-02-13T00:00:00Z,1.04054011,1.05,0.9621,0.98221
2018-02-14T00:00:00Z,0.991,1.15000009,0.97370214,1.127
2018-02-15T00:00:00Z,1.1269,1.14096169,1.065,1.108701
2018-02-16T00:00:00Z,1.10870002,1.11828757,1.057,1.11299
2018-02-17T00:00:00Z,1.11614998,1.19770005,1.09900001,1.1774997
2018-02-18T00:00:00Z,1.1787497,1.17999926,1.03,1.0645
2018-02-19T00:00:00Z,1.06949988,1.134,1.066,1.1037
2018-02-20T00:00:00Z,1.1037,1.13143645,1.00730682,1.026
2018-02-21T00:00:00Z,1.026,1.039,0.93539,0.94945523
2018-02-22T00:00:00Z,0.95399978,0.999365,0.86,0.885211
2018-02-23T00:00:00Z,0.88317365,0.98199999,0.851,0.94699887
2018-02-24T00:00:00Z,0.93533119,0.96599999,0.865679,0.90399992
2018-02-25T00:00:00Z,0.90384669,0.93,0.87434411,0.89626413
2018-02-26T00:00:00Z,0.89808216,0.942889,0.87444505,0.9286
2018-02-27T00:00:00Z,0.9286,0.959,0.915,0.929
2018-02-28T00:00:00Z,0.92868852,0.94968741,0.88000216,0.88269016
2018-03-01T00:00:00Z,0.88269016,0.9474,0.87329979,0.91899997
2018-03-02T00:00:00Z,0.9142,0.92,0.88646173,0.9
2018-03-03T00:00:00Z,0.89700001,0.92025114,0.8921,0.90699992
2018-03-04T00:00:00Z,0.90699991,1.03,0.886,1.01299997
2018-03-05T00:00:00Z,1.01299995,1.091,0.93910001,0.94501
2018-03-06T00:00:00Z,0.94357426,0.9832,0.892,0.9038661
2018-03-07T00:00:00Z,0.9038661,0.91309223,0.78510006,0.85016968
2018-03-08T00:00:00Z,0.85016968,0.87199999,0.79857506,0.80521057
2018-03-09T00:00:00Z,0.80521057,0.84,0.72780772,0.82450018
2018-03-10T00:00:00Z,0.8243,0.838999,0.76500071,0.77300004
2018-03-11T00:00:00Z,0.77300005,0.828999,0.74879887,0.81627319
2018-03-12T00:00:00Z,0.81627319,0.8275,0.76590003,0.77987678
2018-03-13T00:00:00Z,0.78887755,0.802,0.76204065,0.7766909
2018-03-14T00:00:00Z,0.7795,0.79,0.652,0.68400021
2018-03-15T00:00:00Z,0.684,0.72119983,0.62613134,0.685
2018-03-16T00:00:00Z,0.68699999,0.70999999,0.65000011,0.68
2018-03-17T00:00:00Z,0.68,0.683,0.615,0.63199983
2018-03-18T00:00:00Z,0.62402352,0.6854191,0.53669665,0.65399999
2018-03-19T00:00:00Z,0.65399999,0.724,0.62765114,0.722
2018-03-20T00:00:00Z,0.721554,0.72216,0.65800005,0.70185225
2018-03-21T00:00:00Z,0.70185225,0.70956,0.661001,0.67700004
2018-03-22T00:00:00Z,0.67999989,0.69005399,0.62,0.653
2018-03-23T00:00:00Z,0.65393713,0.65393713,0.61,0.64
2018-03-24T00:00:00Z,0.64,0.677,0.6271,0.6271
2018-03-25T00:00:00Z,0.6271,0.65381879,0.62273678,0.6349
2018-03-26T00:00:00Z,0.63239518,0.63914053,0.57,0.58977016
2018-03-27T00:00:00Z,0.592,0.6,0.556,0.5689
2018-03-28T00:00:00Z,0.568,0.59099999,0.5643553,0.57433307
2018-03-29T00:00:00Z,0.57433307,0.57575285,0.495,0.50363
2018-03-30T00:00:00Z,0.5014,0.52458731,0.47096238,0.497
2018-03-31T00:00:00Z,0.5025,0.52223318,0.49000102,0.50280093
2018-04-01T00:00:00Z,0.50280094,0.50799911,0.45500002,0.48085227
2018-04-02T00:00:00Z,0.48069132,0.50478264,0.47011767,0.49520651
2018-04-03T00:00:00Z,0.49556999,0.552492,0.49093747,0.5482503
2018-04-04T00:00:00Z,0.54946361,0.55299999,0.48380001,0.49106701
2018-04-05T00:00:00Z,0.49106701,0.49592205,0.47300001,0.48600005
2018-04-06T00:00:00Z,0.487,0.494,0.457,0.473
2018-04-07T00:00:00Z,0.473,0.495,0.47,0.4834
2018-04-08T00:00:00Z,0.4834,0.5,0.48200025,0.49999993
2018-04-09T00:00:00Z,0.49999991,0.51369369,0.476001,0.48699367
2018-04-10T00:00:00Z,0.48699367,0.495,0.47708078,0.49
2018-04-11T00:00:00Z,0.49176326,0.553,0.485,0.5401
2018-04-12T00:00:00Z,0.5401,0.66299,0.501,0.6417
2018-04-13T00:00:00Z,0.6417,0.708,0.61000002,0.641
2018-04-14T00:00:00Z,0.641,0.673,0.62070594,0.6418
2018-04-15T00:00:00Z,0.6418,0.696,0.63800395,0.6946
2018-04-16T00:00:00Z,0.69477639,0.6956,0.637,0.66599963
2018-04-17T00:00:00Z,0.66599998,0.68315652,0.65,0.656
2018-04-18T00:00:00Z,0.656,0.73099999,0.656,0.711339
2018-04-19T00:00:00Z,0.71499716,0.78789999,0.703,0.78499948
2018-04-20T00:00:00Z,0.784,0.938,0.784,0.9258
2018-04-21T00:00:00Z,0.9258,0.9285774,0.80787,0.86399998
2018-04-22T00:00:00Z,0.86399998,0.91499999,0.83826797,0.8639
2018-04-23T00:00:00Z,0.85750038,0.884,0.845,0.872
2018-04-24T00:00:00Z,0.872,0.96610499,0.86089001,0.92799997
2018-04-25T00:00:00Z,0.92152378,0.92352378,0.76760342,0.793
2018-04-26T00:00:00Z,0.793,0.85199999,0.76097571,0.84899999
2018-04-27T00:00:00Z,0.85072197,0.86193946,0.80356819,0.805
2018-04-28T00:00:00Z,0.805,0.89,0.80011034,0.861
2018-04-29T00:00:00Z,0.86007882,0.91,0.82639325,0.87056451
2018-04-30T00:00:00Z,0.872,0.88,0.8200099,0.82955
2018-05-01T00:00:00Z,0.83559998,0.83779998,0.78,0.8368
2018-05-02T00:00:00Z,0.833,0.87,0.825,0.8591496
2018-05-03T00:00:00Z,0.8591496,0.8944,0.841,0.883
2018-05-04T00:00:00Z,0.88299999,0.9296,0.853,0.89499951
2018-05-05T00:00:00Z,0.89200001,0.93,0.88213,0.90669999
2018-05-06T00:00:00Z,0.905,0.920296,0.8421,0.86899996
2018-05-07T00:00:00Z,0.86899995,0.86899995,0.8,0.83
2018-05-08T00:00:00Z,0.8295873,0.84779817,0.79000001,0.809
2018-05-09T00:00:00Z,0.809,0.82,0.754,0.7941
2018-05-10T00:00:00Z,0.79410002,0.80549999,0.744,0.75
2018-05-11T00:00:00Z,0.75,0.75399999,0.647,0.674969
2018-05-12T00:00:00Z,0.674969,0.70728362,0.62300001,0.68395462
2018-05-13T00:00:00Z,0.68547726,0.746,0.65809999,0.7291
2018-05-14T00:00:00Z,0.729,0.7707642,0.686,0.7261
2018-05-15T00:00:00Z,0.7299,0.75031994,0.68,0.691
2018-05-16T00:00:00Z,0.689,0.707,0.656,0.706305
2018-05-17T00:00:00Z,0.707,0.7129,0.65,0.66099983
2018-05-18T00:00:00Z,0.6607,0.68399999,0.642,0.6782
2018-05-19T00:00:00Z,0.67899983,0.693,0.66070104,0.67133954
2018-05-20T00:00:00Z,0.67473791,0.707,0.6705,0.698
2018-05-21T00:00:00Z,0.698,0.705,0.66698888,0.67949987
2018-05-22T00:00:00Z,0.67600001,0.67959995,0.635,0.64
2018-05-23T00:00:00Z,0.6381,0.6444,0.5762,0.5905
2018-05-24T00:00:00Z,0.5905,0.63744066,0.5783,0.6265
2018-05-25T00:00:00Z,0.63069999,0.635,0.592,0.605
2018-05-26T00:00:00Z,0.60233777,0.62600001,0.598,0.6104
2018-05-27T00:00:00Z,0.6092,0.6119,0.597,0.60799997
2018-05-28T00:00:00Z,0.6077,0.60887998,0.547,0.549
2018-05-29T00:00:00Z,0.549,0.60999999,0.545,0.599
2018-05-30T00:00:00Z,0.5998,0.624,0.581,0.603
2018-05-31T00:00:00Z,0.60100003,0.622,0.58930025,0.61300381
2018-06-01T00:00:00Z,0.61300381,0.624,0.60554135,0.622
2018-06-02T00:00:00Z,0.622,0.6509,0.615,0.644
2018-06-03T00:00:00Z,0.644,0.689,0.63851664,0.689
2018-06-04T00:00:00Z,0.687,0.706,0.635,0.66
2018-06-05T00:00:00Z,0.656,0.68499995,0.632,0.677
2018-06-06T00:00:00Z,0.676,0.67969894,0.65207533,0.672
2018-06-07T00:00:00Z,0.672,0.69,0.671,0.676
2018-06-08T00:00:00Z,0.676,0.681,0.656,0.673
2018-06-09T00:00:00Z,0.6738,0.68199961,0.65666,0.65666
2018-06-10T00:00:00Z,0.65654631,0.65654631,0.552,0.58
2018-06-11T00:00:00Z,0.58,0.60298971,0.56,0.60042655
2018-06-12T00:00:00Z,0.596,0.611,0.54200001,0.55739006
2018-06-13T00:00:00Z,0.55739005,0.56,0.505,0.53199998
2018-06-14T00:00:00Z,0.53199999,0.56799999,0.52,0.559
2018-06-15T00:00:00Z,0.56082094,0.56082094,0.526,0.53346985
2018-06-16T00:00:00Z,0.5348,0.53899969,0.516,0.535
2018-06-17T00:00:00Z,0.5314,0.54137908,0.52020001,0.52340046
2018-06-18T00:00:00Z,0.5273,0.55189996,0.50700022,0.53693563
2018-06-19T00:00:00Z,0.5378,0.56134493,0.53343423,0.5450212
2018-06-20T00:00:00Z,0.5492,0.5492,0.5230001,0.538
2018-06-21T00:00:00Z,0.539,0.54991101,0.53,0.536
2018-06-22T00:00:00Z,0.536,0.53654587,0.467,0.48000001
2018-06-23T00:00:00Z,0.481,0.49499999,0.47444507,0.489
2018-06-24T00:00:00Z,0.4932671,0.49391039,0.43800009,0.47329286
2018-06-25T00:00:00Z,0.476,0.49,0.47000001,0.48
2018-06-26T00:00:00Z,0.48259995,0.48259995,0.45000072,0.453
2018-06-27T00:00:00Z,0.453,0.474,0.44800001,0.47299999
2018-06-28T00:00:00Z,0.47299999,0.47299999,0.44327745,0.448
2018-06-29T00:00:00Z,0.44799988,0.46,0.424,0.452
2018-06-30T00:00:00Z,0.4522,0.484,0.4522,0.469
2018-07-01T00:00:00Z,0.469,0.47062432,0.44965017,0.461
2018-07-02T00:00:00Z,0.46410682,0.49749219,0.45354491,0.48986
2018-07-03T00:00:00Z,0.48801176,0.52,0.47720474,0.4866
2018-07-04T00:00:00Z,0.4867,0.508,0.473,0.4912
2018-07-05T00:00:00Z,0.48994501,0.50312,0.469,0.478
2018-07-06T00:00:00Z,0.478,0.481,0.458,0.47890005
2018-07-07T00:00:00Z,0.4789,0.486,0.4643,0.485
2018-07-08T00:00:00Z,0.485,0.49,0.47600008,0.47700001
2018-07-09T00:00:00Z,0.476,0.48229996,0.47030461,0.4743
2018-07-10T00:00:00Z,0.472,0.474,0.44,0.44033345
2018-07-11T00:00:00Z,0.44120001,0.45179999,0.44,0.4487
2018-07-12T00:00:00Z,0.4487,0.44929959,0.425001,0.43278409
2018-07-13T00:00:00Z,0.43800005,0.44649978,0.43291094,0.43999985
2018-07-14T00:00:00Z,0.43999982,0.44299999,0.4335,0.4399
2018-07-15T00:00:00Z,0.44116798,0.45,0.43578373,0.44759999
2018-07-16T00:00:00Z,0.44759999,0.4831,0.443,0.4831
2018-07-17T00:00:00Z,0.48309998,0.519792,0.46916801,0.506
2018-07-18T00:00:00Z,0.507,0.52495362,0.477,0.48877679
2018-07-19T00:00:00Z,0.48630265,0.49339,0.47000067,0.47639997
2018-07-20T00:00:00Z,0.47830662,0.47830662,0.43,0.44227657
2018-07-21T00:00:00Z,0.44251805,0.45949987,0.43612505,0.455
2018-07-22T00:00:00Z,0.45330286,0.46399987,0.448,0.45099999
2018-07-23T00:00:00Z,0.44900001,0.464,0.44210011,0.44819731
2018-07-24T00:00:00Z,0.44741378,0.46999999,0.43810081,0.4579
2018-07-25T00:00:00Z,0.4579,0.468,0.45174773,0.46
2018-07-26T00:00:00Z,0.46,0.469,0.446488,0.4509
2018-07-27T00:00:00Z,0.44800001,0.46196954,0.445,0.4544
2018-07-28T00:00:00Z,0.45557113,0.45818766,0.449,0.45590999
2018-07-29T00:00:00Z,0.45674996,0.45889977,0.44910048,0.456
2018-07-30T00:00:00Z,0.45548537,0.45629913,0.43406557,0.44791343
2018-07-31T00:00:00Z,0.44791179,0.44791179,0.42720014,0.43368349
2018-08-01T00:00:00Z,0.43699394,0.46340677,0.42628722,0.44819358
2018-08-02T00:00:00Z,0.44721966,0.44910781,0.42900001,0.43026006
2018-08-03T00:00:00Z,0.43026006,0.44906232,0.42540001,0.44198789
2018-08-04T00:00:00Z,0.44197931,0.44549976,0.428,0.43019999
2018-08-05T00:00:00Z,0.4302,0.43697063,0.4273569,0.43649961
2018-08-06T00:00:00Z,0.43569999,0.4404488,0.40200001,0.41399999
2018-08-07T00:00:00Z,0.41399999,0.415,0.37423001,0.37869999
2018-08-08T00:00:00Z,0.38073125,0.38073125,0.3201,0.3321
2018-08-09T00:00:00Z,0.3304,0.3575,0.328,0.34317057
2018-08-10T00:00:00Z,0.34317057,0.34577581,0.3125,0.3195
2018-08-11T00:00:00Z,0.3185,0.31918888,0.287,0.29677015
2018-08-12T00:00:00Z,0.29769999,0.30939477,0.29302295,0.2953
2018-08-13T00:00:00Z,0.2953,0.309,0.27138001,0.27312743
2018-08-14T00:00:00Z,0.275,0.27500216,0.24638835,0.27103603
2018-08-15T00:00:00Z,0.273,0.30196976,0.273,0.27836293
2018-08-16T00:00:00Z,0.28025926,0.3031863,0.2747838,0.29239999
2018-08-17T00:00:00Z,0.29322296,0.37333302,0.2904826,0.369
2018-08-18T00:00:00Z,0.36899999,0.36932551,0.31231032,0.32711946
2018-08-19T00:00:00Z,0.32932761,0.35349982,0.31600001,0.34498459
2018-08-20T00:00:00Z,0.34242021,0.3511,0.31300014,0.3155
2018-08-21T00:00:00Z,0.313,0.33761754,0.313,0.3334
2018-08-22T00:00:00Z,0.3334,0.3548992,0.31,0.31863
2018-08-23T00:00:00Z,0.31826997,0.32969,0.31432437,0.32681999
2018-08-24T00:00:00Z,0.3258,0.32899419,0.3150803,0.32575092
2018-08-25T00:00:00Z,0.32575098,0.331828,0.3218014,0.32869945
2018-08-26T00:00:00Z,0.32869923,0.32869923,0.31885855,0.32041988
2018-08-27T00:00:00Z,0.3222,0.34199999,0.32119262,0.33919999
2018-08-28T00:00:00Z,0.3392,0.35899981,0.33502,0.35000012
2018-08-29T00:00:00Z,0.35,0.35459,0.33801788,0.34390008
2018-08-30T00:00:00Z,0.34298569,0.34601821,0.32341994,0.33569989
2018-08-31T00:00:00Z,0.33569989,0.34077,0.32752001,0.33649719
2018-09-01T00:00:00Z,0.33647817,0.35399999,0.33370457,0.3475
2018-09-02T00:00:00Z,0.3475,0.34977567,0.336,0.34053963
2018-09-03T00:00:00Z,0.34377456,0.34377456,0.33331766,0.3351
2018-09-04T00:00:00Z,0.33634917,0.34062997,0.32875001,0.331
2018-09-05T00:00:00Z,0.33000001,0.33388839,0.27723294,0.27926745
2018-09-06T00:00:00Z,0.27926745,0.305,0.26900002,0.30013583
2018-09-07T00:00:00Z,0.30113794,0.30476127,0.281,0.28563501
2018-09-08T00:00:00Z,0.2875,0.29448884,0.26983728,0.2765
2018-09-09T00:00:00Z,0.27529924,0.29138281,0.27098399,0.27442766
2018-09-10T00:00:00Z,0.2769,0.28299998,0.26,0.2696
2018-09-11T00:00:00Z,0.2696,0.27474001,0.2529,0.26326994
2018-09-12T00:00:00Z,0.26326994,0.27399198,0.25329,0.27123485
2018-09-13T00:00:00Z,0.271,0.285,0.26700018,0.27793619
2018-09-14T00:00:00Z,0.27793613,0.28599999,0.27137055,0.27899281
2018-09-15T00:00:00Z,0.27620002,0.28499961,0.27595398,0.2811
2018-09-16T00:00:00Z,0.28159855,0.28227173,0.27297516,0.28227173
2018-09-17T00:00:00Z,0.28253999,0.2843,0.2670001,0.27298
2018-09-18T00:00:00Z,0.27250191,0.3358,0.26972017,0.32033926
2018-09-19T00:00:00Z,0.32029976,0.3358,0.30100006,0.3264
2018-09-20T00:00:00Z,0.32596806,0.49,0.32083623,0.44999999
2018-09-21T00:00:00Z,0.45,0.78689273,0.42500008,0.565
2018-09-22T00:00:00Z,0.5667892,0.62789999,0.4923,0.572
2018-09-23T00:00:00Z,0.57495,0.59999999,0.55330935,0.57009555
2018-09-24T00:00:00Z,0.57009555,0.585,0.48130018,0.494
2018-09-25T00:00:00Z,0.491,0.5489,0.4366778,0.5251
2018-09-26T00:00:00Z,0.52577696,0.57299999,0.48333333,0.5141318
2018-09-27T00:00:00Z,0.516554,0.55451349,0.51,0.54399999
2018-09-28T00:00:00Z,0.5438,0.54999998,0.516,0.53773555
2018-09-29T00:00:00Z,0.54381445,0.595,0.52602262,0.57
2018-09-30T00:00:00Z,0.56890001,0.62646725,0.56,0.5825
2018-10-01T00:00:00Z,0.58000028,0.60619894,0.5325,0.57998959
2018-10-02T00:00:00Z,0.57998959,0.57998959,0.51100003,0.5187
2018-10-03T00:00:00Z,0.517,0.53999993,0.5061058,0.53049999
2018-10-04T00:00:00Z,0.53049998,0.54982305,0.52480276,0.52755798
2018-10-05T00:00:00Z,0.52665633,0.5329,0.50797728,0.5236962
2018-10-06T00:00:00Z,0.52239932,0.52294999,0.4686,0.490719
2018-10-07T00:00:00Z,0.490719,0.49172007,0.46731322,0.481
2018-10-08T00:00:00Z,0.48019659,0.500455,0.48,0.49226747
2018-10-09T00:00:00Z,0.49226747,0.49489893,0.47000106,0.48107703
2018-10-10T00:00:00Z,0.4810771,0.4810771,0.46211,0.46848099
2018-10-11T00:00:00Z,0.46342697,0.465,0.37886265,0.38446205
2018-10-12T00:00:00Z,0.382,0.44776839,0.37840757,0.42299989
2018-10-13T00:00:00Z,0.42057504,0.432,0.41617001,0.42371789
2018-10-14T00:00:00Z,0.42455644,0.42956655,0.40333,0.40904744
2018-10-15T00:00:00Z,0.40945649,0.5171,0.39510004,0.46082001
2018-10-16T00:00:00Z,0.45945,0.48745726,0.45565001,0.48699999
2018-10-17T00:00:00Z,0.48679986,0.49654365,0.47119106,0.48741697
2018-10-18T00:00:00Z,0.48407394,0.4999,0.45618245,0.46843284
2018-10-19T00:00:00Z,0.46843283,0.47299999,0.458,0.46357546
2018-10-20T00:00:00Z,0.46000003,0.47299977,0.4562,0.46843109
2018-10-21T00:00:00Z,0.46843109,0.47386883,0.46390841,0.46737956
2018-10-22T00:00:00Z,0.4647,0.4699999,0.45617293,0.46363854
2018-10-23T00:00:00Z,0.46362944,0.485,0.4455555,0.4669097
2018-10-24T00:00:00Z,0.46771559,0.47909988,0.46127,0.46685671
2018-10-25T00:00:00Z,0.46638479,0.473,0.45799999,0.46501859
2018-10-26T00:00:00Z,0.46670345,0.47,0.46,0.4675
2018-10-27T00:00:00Z,0.46746604,0.47,0.4576006,0.459
2018-10-28T00:00:00Z,0.459,0.46624999,0.45794775,0.46624999
2018-10-29T00:00:00Z,0.46664998,0.46685,0.43470002,0.44643941
2018-10-30T00:00:00Z,0.4454198,0.45327998,0.44341891,0.44945925
2018-10-31T00:00:00Z,0.44574022,0.46199997,0.43617624,0.455
2018-11-01T00:00:00Z,0.45551084,0.46211998,0.45000012,0.45964753
2018-11-02T00:00:00Z,0.46009835,0.46799992,0.45987,0.464
2018-11-03T00:00:00Z,0.46449945,0.465,0.45429033,0.456
2018-11-04T00:00:00Z,0.4564,0.47899969,0.45,0.469
2018-11-05T00:00:00Z,0.46820053,0.50595999,0.46167315,0.49809362
2018-11-06T00:00:00Z,0.50011001,0.56885999,0.50011001,0.55259032
2018-11-07T00:00:00Z,0.54825543,0.55419986,0.527,0.5405
2018-11-08T00:00:00Z,0.54250495,0.5465,0.4936,0.495
2018-11-09T00:00:00Z,0.49557002,0.52320997,0.49514001,0.50787179
2018-11-10T00:00:00Z,0.504,0.5176,0.50323333,0.509
2018-11-11T00:00:00Z,0.511,0.51437685,0.49725009,0.51041852
2018-11-12T00:00:00Z,0.511,0.53627,0.50570373,0.52627312
2018-11-13T00:00:00Z,0.52737123,0.53381715,0.512,0.51727374
2018-11-14T00:00:00Z,0.51656,0.52066959,0.425,0.48021517
2018-11-15T00:00:00Z,0.48659971,0.49299996,0.43150001,0.48543948
2018-11-16T00:00:00Z,0.48873195,0.4946,0.4651223,0.47500032
2018-11-17T00:00:00Z,0.47579365,0.503,0.46855949,0.498
2018-11-18T00:00:00Z,0.498,0.53236011,0.49377817,0.51505149
2018-11-19T00:00:00Z,0.516,0.516,0.46809001,0.48347624
2018-11-20T00:00:00Z,0.4881,0.50769303,0.41442389,0.44539
2018-11-21T00:00:00Z,0.4448,0.46986999,0.42,0.45475
2018-11-22T00:00:00Z,0.45598,0.45598,0.42595728,0.42899999
2018-11-23T00:00:00Z,0.4262012,0.43255223,0.399426,0.41415
2018-11-24T00:00:00Z,0.41518255,0.42766,0.37000089,0.3819988
2018-11-25T00:00:00Z,0.37854329,0.40565142,0.329,0.38279
2018-11-26T00:00:00Z,0.38778775,0.39912022,0.3472304,0.36377
2018-11-27T00:00:00Z,0.3615,0.37505933,0.34729,0.36539
2018-11-28T00:00:00Z,0.3658,0.40264352,0.3658,0.39255
2018-11-29T00:00:00Z,0.39256,0.39471,0.373,0.38116
2018-11-30T00:00:00Z,0.3799,0.382245,0.355,0.36496826
2018-12-01T00:00:00Z,0.36518,0.37816653,0.35828,0.3722
2018-12-02T00:00:00Z,0.37474,0.379,0.36642167,0.3691
2018-12-03T00:00:00Z,0.36918,0.36988,0.34683995,0.34922
2018-12-04T00:00:00Z,0.34856,0.3627108,0.3401,0.35132
2018-12-05T00:00:00Z,0.35167,0.3537,0.33862999,0.33862999
2018-12-06T00:00:00Z,0.33815003,0.3447808,0.30607,0.31046
2018-12-07T00:00:00Z,0.30942,0.31156999,0.28814,0.30111
2018-12-08T00:00:00Z,0.3011,0.322,0.292,0.30191
2018-12-09T00:00:00Z,0.30137,0.31875761,0.29883729,0.30911
2018-12-10T00:00:00Z,0.31098,0.31288,0.2947,0.2999
2018-12-11T00:00:00Z,0.29931,0.31,0.2943,0.29889
2018-12-12T00:00:00Z,0.29851,0.31,0.29805871,0.30445
2018-12-13T00:00:00Z,0.30562,0.30562,0.29589803,0.29797
2018-12-14T00:00:00Z,0.29874,0.30018337,0.28351,0.28799
2018-12-15T00:00:00Z,0.28706,0.29139004,0.27970548,0.28487
2018-12-16T00:00:00Z,0.28492,0.295,0.28360016,0.28657
2018-12-17T00:00:00Z,0.28683,0.33637,0.28512,0.32703
2018-12-18T00:00:00Z,0.32725,0.349,0.32164,0.349
2018-12-19T00:00:00Z,0.34987,0.3918,0.33856906,0.34663
2018-12-20T00:00:00Z,0.34474001,0.38358999,0.34,0.3724
2018-12-21T00:00:00Z,0.37,0.382,0.34851701,0.3551
2018-12-22T00:00:00Z,0.3551,0.35952621,0.3441,0.35498859
2018-12-23T00:00:00Z,0.35500636,0.37788,0.35397211,0.36648983
2018-12-24T00:00:00Z,0.36648983,0.449,0.36648983,0.39831
2018-12-25T00:00:00Z,0.40234,0.40234,0.36,0.37509
2018-12-26T00:00:00Z,0.37053,0.38765,0.3545,0.37214
2018-12-27T00:00:00Z,0.37169,0.3741,0.326,0.33363981
2018-12-28T00:00:00Z,0.334,0.37499021,0.33,0.36984
2018-12-29T00:00:00Z,0.371243,0.37899,0.3542,0.35457
2018-12-30T00:00:00Z,0.35637,0.3661,0.35112,0.36544643
2018-12-31T00:00:00Z,0.36571828,0.36934198,0.34357001,0.34899964
2019-01-01T00:00:00Z,0.34593067,0.36025989,0.34504003,0.36025989
2019-01-02T00:00:00Z,0.361,0.37433,0.35373,0.369
2019-01-03T00:00:00Z,0.369,0.36924,0.34876,0.35289
2019-01-04T00:00:00Z,0.3518,0.35791998,0.3442,0.35265
2019-01-05T00:00:00Z,0.35342984,0.35870999,0.3455554,0.34937177
2019-01-06T00:00:00Z,0.34743594,0.36521393,0.34566622,0.3611
2019-01-07T00:00:00Z,0.36139,0.37234,0.35736,0.35937
2019-01-08T00:00:00Z,0.36024188,0.36750093,0.35484,0.3602
2019-01-09T00:00:00Z,0.3614,0.36883499,0.35825,0.36515588
2019-01-10T00:00:00Z,0.36495,0.379,0.31614727,0.32506
2019-01-11T00:00:00Z,0.32187002,0.33499999,0.31919,0.32529912
2019-01-12T00:00:00Z,0.32468006,0.329,0.322,0.32419153
2019-01-13T00:00:00Z,0.32457,0.32928995,0.30852945,0.31128999
2019-01-14T00:00:00Z,0.31167,0.33469645,0.31167,0.329
2019-01-15T00:00:00Z,0.32892,0.33176999,0.31658,0.32152
2019-01-16T00:00:00Z,0.32079,0.33187,0.32079,0.32676718
2019-01-17T00:00:00Z,0.32579,0.32823,0.31927406,0.32517804
2019-01-18T00:00:00Z,0.3248,0.32501,0.31654664,0.32055
2019-01-19T00:00:00Z,0.3209,0.332,0.32079,0.32731995
2019-01-20T00:00:00Z,0.32714,0.32794003,0.31092,0.3164
2019-01-21T00:00:00Z,0.316895,0.3212647,0.31300003,0.31809003
2019-01-22T00:00:00Z,0.31822996,0.32,0.30688613,0.31756003
2019-01-23T00:00:00Z,0.31791393,0.31913998,0.312,0.3142
2019-01-24T00:00:00Z,0.31427,0.31793,0.31295,0.3157
2019-01-25T00:00:00Z,0.31582,0.31917,0.311,0.31419
2019-01-26T00:00:00Z,0.31433,0.31821,0.31216003,0.31304535
2019-01-27T00:00:00Z,0.31207007,0.31396205,0.303,0.30662
2019-01-28T00:00:00Z,0.30662,0.30715,0.28092001,0.29351
2019-01-29T00:00:00Z,0.29351,0.29351,0.282,0.28736
2019-01-30T00:00:00Z,0.2869,0.32651,0.285,0.32128
2019-01-31T00:00:00Z,0.3216,0.335,0.30425,0.30841004
2019-02-01T00:00:00Z,0.3096302,0.311,0.29648,0.30707148
2019-02-02T00:00:00Z,0.30665,0.313,0.30475006,0.31055
2019-02-03T00:00:00Z,0.31097,0.31159,0.2977,0.30263
2019-02-04T00:00:00Z,0.30182002,0.30575,0.29790903,0.29853
2019-02-05T00:00:00Z,0.29937,0.30194,0.29642,0.29895
2019-02-06T00:00:00Z,0.3000409,0.30039,0.28805,0.28937559
2019-02-07T00:00:00Z,0.2893753,0.29458,0.28916,0.29157
2019-02-08T00:00:00Z,0.29140039,0.32,0.28975,0.3129
2019-02-09T00:00:00Z,0.31165,0.31621,0.30732494,0.31281994
2019-02-10T00:00:00Z,0.31289,0.31289,0.29948221,0.3091
2019-02-11T00:00:00Z,0.3091,0.3091,0.30143,0.30323995
2019-02-12T00:00:00Z,0.3025,0.30841,0.29730001,0.30522
2019-02-13T00:00:00Z,0.30522,0.31341,0.3017,0.30353
2019-02-14T00:00:00Z,0.30429,0.30548,0.30001,0.30037443
2019-02-15T00:00:00Z,0.30111,0.30614565,0.298,0.30194
2019-02-16T00:00:00Z,0.3025,0.304,0.30009,0.30029
2019-02-17T00:00:00Z,0.30101,0.30797384,0.29833,0.30325
2019-02-18T00:00:00Z,0.30281003,0.32727461,0.30264,0.31720595
2019-02-19T00:00:00Z,0.322,0.34764,0.31925,0.323
2019-02-20T00:00:00Z,0.32292957,0.33408882,0.31719,0.33138
2019-02-21T00:00:00Z,0.33207,0.3328,0.317,0.32067
2019-02-22T00:00:00Z,0.3203,0.32338,0.31603354,0.32122035
2019-02-23T00:00:00Z,0.3205,0.33358059,0.317889,0.33211
2019-02-24T00:00:00Z,0.33182393,0.34381,0.295,0.297702
2019-02-25T00:00:00Z,0.2979,0.339,0.2975,0.32750505
2019-02-26T00:00:00Z,0.32727498,0.33475,0.31354,0.317317
2019-02-27T00:00:00Z,0.31654997,0.31849335,0.301,0.30618
2019-02-28T00:00:00Z,0.3073,0.31731613,0.30648,0.31112
2019-03-01T00:00:00Z,0.31372,0.32458105,0.31112281,0.3163
2019-03-02T00:00:00Z,0.31500005,0.31849884,0.30949825,0.31479427
2019-03-03T00:00:00Z,0.313793,0.31509285,0.308744,0.3098
2019-03-04T00:00:00Z,0.311125,0.31275098,0.29747188,0.3023
2019-03-05T00:00:00Z,0.3021,0.31773,0.30140005,0.31424
2019-03-06T00:00:00Z,0.31519991,0.321,0.31000005,0.31659978
2019-03-07T00:00:00Z,0.31689,0.31905995,0.31263,0.31352744
2019-03-08T00:00:00Z,0.3134,0.31606621,0.30455,0.30833994
2019-03-09T00:00:00Z,0.30805,0.31849997,0.30702003,0.31350997
2019-03-10T00:00:00Z,0.31293,0.3166,0.30985927,0.31376997
2019-03-11T00:00:00Z,0.31368755,0.31409993,0.3077,0.31021992
2019-03-12T00:00:00Z,0.31006981,0.31198994,0.30570003,0.31128995
2019-03-13T00:00:00Z,0.31074998,0.32566433,0.308,0.3139
2019-03-14T00:00:00Z,0.31309005,0.316,0.306,0.31120022
2019-03-15T00:00:00Z,0.31120025,0.31656,0.31059002,0.31452016
2019-03-16T00:00:00Z,0.31511987,0.32279996,0.31511987,0.319
2019-03-17T00:00:00Z,0.31840125,0.31840125,0.31452016,0.31573
2019-03-18T00:00:00Z,0.31550029,0.31881999,0.31252892,0.31421
2019-03-19T00:00:00Z,0.31421,0.31661972,0.31258,0.31609997
2019-03-20T00:00:00Z,0.31541,0.32164002,0.312,0.31734999
2019-03-21T00:00:00Z,0.31798002,0.31832004,0.301967,0.31054989
2019-03-22T00:00:00Z,0.30952,0.31250997,0.30735,0.31001
2019-03-23T00:00:00Z,0.31001,0.31250881,0.3095,0.31116
2019-03-24T00:00:00Z,0.311,0.311,0.30558999,0.30739005
2019-03-25T00:00:00Z,0.30776992,0.30828381,0.30003999,0.30296067
2019-03-26T00:00:00Z,0.30336,0.3036,0.2947003,0.30266999
2019-03-27T00:00:00Z,0.303,0.31099999,0.30095001,0.31099999
2019-03-28T00:00:00Z,0.3098,0.3098,0.30416,0.30639
2019-03-29T00:00:00Z,0.30640998,0.31014997,0.30511,0.30796
2019-03-30T00:00:00Z,0.30752,0.31768999,0.30712,0.31077003
2019-03-31T00:00:00Z,0.31069005,0.31139997,0.3077,0.3086001
2019-04-01T00:00:00Z,0.30912,0.3141,0.3084,0.31277645
2019-04-02T00:00:00Z,0.31277645,0.35614,0.31142,0.35
2019-04-03T00:00:00Z,0.35068,0.37029999,0.327,0.33934001
2019-04-04T00:00:00Z,0.34199829,0.34681,0.3251,0.32961
2019-04-05T00:00:00Z,0.33120999,0.379,0.33011,0.36184084
2019-04-06T00:00:00Z,0.35956132,0.3626343,0.34696439,0.35335247
2019-04-07T00:00:00Z,0.35302553,0.36667398,0.35098877,0.35924182
2019-04-08T00:00:00Z,0.36009337,0.37,0.34498,0.35559001
2019-04-09T00:00:00Z,0.35375003,0.35375003,0.34447,0.34835251
2019-04-10T00:00:00Z,0.346232,0.35738324,0.34621452,0.35345293
2019-04-11T00:00:00Z,0.3535,0.35388933,0.3198,0.32727
2019-04-12T00:00:00Z,0.32699,0.32804015,0.3146699,0.32385
2019-04-13T00:00:00Z,0.32378998,0.33544123,0.32,0.32414002
2019-04-14T00:00:00Z,0.32535931,0.32919,0.32086,0.32600003
2019-04-15T00:00:00Z,0.32818181,0.33101773,0.3135,0.31977725
2019-04-16T00:00:00Z,0.31846042,0.32499988,0.3152,0.32468388
2019-04-17T00:00:00Z,0.32421255,0.34078354,0.31949972,0.33413499
2019-04-18T00:00:00Z,0.33413498,0.34616995,0.3325701,0.33476518
2019-04-19T00:00:00Z,0.3346304,0.3346304,0.32676,0.32962684
2019-04-20T00:00:00Z,0.3304257,0.3321826,0.32096655,0.32642185
2019-04-21T00:00:00Z,0.32667028,0.32816439,0.31415389,0.32
2019-04-22T00:00:00Z,0.31992999,0.32992313,0.317,0.32191002
2019-04-23T00:00:00Z,0.32242,0.32648472,0.3183866,0.3183866
2019-04-24T00:00:00Z,0.31829732,0.31908989,0.29000001,0.29939
2019-04-25T00:00:00Z,0.29958,0.305,0.285,0.29169091
2019-04-26T00:00:00Z,0.29193727,0.30476245,0.28931831,0.30181125
2019-04-27T00:00:00Z,0.30296054,0.30494325,0.297465,0.2986557
2019-04-28T00:00:00Z,0.29869985,0.3018533,0.296,0.3
2019-04-29T00:00:00Z,0.3,0.30140706,0.29075226,0.29349166
2019-04-30T00:00:00Z,0.29326302,0.31176124,0.2920903,0.30762442
2019-05-01T00:00:00Z,0.30810651,0.30931483,0.30000001,0.30291592
2019-05-02T00:00:00Z,0.30291885,0.3050299,0.30100243,0.30205927
2019-05-03T00:00:00Z,0.30167478,0.31083206,0.3005,0.30847932
2019-05-04T00:00:00Z,0.308,0.31800001,0.29807372,0.30320398
2019-05-05T00:00:00Z,0.30244586,0.30546196,0.2991663,0.30000034
2019-05-06T00:00:00Z,0.30150856,0.30752301,0.29545309,0.30302341
2019-05-07T00:00:00Z,0.3046383,0.30696157,0.29775304,0.2988354
2019-05-08T00:00:00Z,0.298,0.30246806,0.2968,0.29933154
2019-05-09T00:00:00Z,0.30048449,0.30207812,0.293,0.29437949
2019-05-10T00:00:00Z,0.29437949,0.30175316,0.29199315,0.29785535
2019-05-11T00:00:00Z,0.29829033,0.338,0.29829033,0.32197679
2019-05-12T00:00:00Z,0.32116742,0.32999997,0.30579274,0.31028383
2019-05-13T00:00:00Z,0.30999999,0.32933089,0.30999999,0.3249975
2019-05-14T00:00:00Z,0.32311636,0.42257329,0.32311635,0.41142445
2019-05-15T00:00:00Z,0.409,0.46633422,0.40795297,0.457
2019-05-16T00:00:00Z,0.45902471,0.47865065,0.39423645,0.41844815
2019-05-17T00:00:00Z,0.417,0.4239342,0.3601234,0.38807769
2019-05-18T00:00:00Z,0.38993608,0.395,0.365,0.37294094
2019-05-19T00:00:00Z,0.372,0.42757859,0.37130082,0.41578442
2019-05-20T00:00:00Z,0.41568421,0.41568421,0.37859787,0.39645985
2019-05-21T00:00:00Z,0.39727,0.40748,0.38588334,0.39565487
2019-05-22T00:00:00Z,0.39697123,0.41,0.367,0.3719542
2019-05-23T00:00:00Z,0.37130333,0.38293592,0.36112435,0.38079789
2019-05-24T00:00:00Z,0.37908175,0.3928,0.37060378,0.38358456
2019-05-25T00:00:00Z,0.38206437,0.3928,0.38068912,0.38495915
2019-05-26T00:00:00Z,0.38616271,0.4122,0.3745184,0.405
2019-05-27T00:00:00Z,0.404,0.44556678,0.403,0.4354226
2019-05-28T00:00:00Z,0.4378514,0.4599,0.41800001,0.44652572
2019-05-29T00:00:00Z,0.44722653,0.45584897,0.421,0.44366655
2019-05-30T00:00:00Z,0.4425,0.47294019,0.40333003,0.41941438
2019-05-31T00:00:00Z,0.41770439,0.44099981,0.40646217,0.4375947
2019-06-01T00:00:00Z,0.43759939,0.441,0.4184,0.42877294
2019-06-02T00:00:00Z,0.42877294,0.44685444,0.42865617,0.44567834
2019-06-03T00:00:00Z,0.44366531,0.464,0.41765432,0.41765432
2019-06-04T00:00:00Z,0.41765431,0.4196284,0.3853513,0.39882058
2019-06-05T00:00:00Z,0.39947049,0.40561814,0.3879,0.40028
2019-06-06T00:00:00Z,0.40028,0.42716413,0.39123,0.41928835
2019-06-07T00:00:00Z,0.42003647,0.43,0.41502081,0.4202908
2019-06-08T00:00:00Z,0.41831418,0.42186585,0.403,0.40895163
2019-06-09T00:00:00Z,0.40717174,0.41020806,0.37034054,0.38578472
2019-06-10T00:00:00Z,0.38480444,0.4038981,0.38016134,0.39999917
2019-06-11T00:00:00Z,0.39973289,0.40190411,0.38312117,0.39188851
2019-06-12T00:00:00Z,0.39,0.40207251,0.38708179,0.40049879
2019-06-13T00:00:00Z,0.40056725,0.408,0.39574338,0.3980575
2019-06-14T00:00:00Z,0.39897431,0.403,0.39100047,0.403
2019-06-15T00:00:00Z,0.40299907,0.41255678,0.40085858,0.40917182
2019-06-16T00:00:00Z,0.40810001,0.44,0.40755419,0.42400056
2019-06-17T00:00:00Z,0.4284,0.46,0.42494576,0.44614014
2019-06-18T00:00:00Z,0.44651822,0.45352442,0.4199,0.427
2019-06-19T00:00:00Z,0.42807499,0.43817,0.42430961,0.43493999
2019-06-20T00:00:00Z,0.43414836,0.43555272,0.4207488,0.43032271
2019-06-21T00:00:00Z,0.43019731,0.448161,0.43019731,0.44399456
2019-06-22T00:00:00Z,0.44244405,0.50969057,0.44047352,0.47690001
2019-06-23T00:00:00Z,0.4769,0.491,0.4645909,0.47
2019-06-24T00:00:00Z,0.46835212,0.47499999,0.45,0.47464891
2019-06-25T00:00:00Z,0.47464891,0.47549457,0.45641065,0.46912681
2019-06-26T00:00:00Z,0.4672852,0.49682892,0.45,0.46687173
2019-06-27T00:00:00Z,0.46593452,0.47066666,0.3961,0.41244701
2019-06-28T00:00:00Z,0.40876335,0.42729955,0.40704145,0.42729955
2019-06-29T00:00:00Z,0.42729955,0.42994913,0.40505501,0.4275
2019-06-30T00:00:00Z,0.4275,0.429,0.39575967,0.39575967
2019-07-01T00:00:00Z,0.3965,0.42020909,0.38956,0.40724759
2019-07-02T00:00:00Z,0.40964713,0.40964713,0.38373803,0.39799989
2019-07-03T00:00:00Z,0.39964727,0.406029,0.395,0.40562094
2019-07-04T00:00:00Z,0.40546285,0.40546285,0.38571796,0.387
2019-07-05T00:00:00Z,0.38571796,0.38840991,0.37421756,0.37888456
2019-07-06T00:00:00Z,0.37848407,0.409,0.37848407,0.39050001
2019-07-07T00:00:00Z,0.39,0.4,0.387,0.396814
2019-07-08T00:00:00Z,0.39678635,0.40299893,0.3913703,0.40116536
2019-07-09T00:00:00Z,0.40099811,0.40718989,0.39,0.39365999
2019-07-10T00:00:00Z,0.39353599,0.39659999,0.34637118,0.36258232
2019-07-11T00:00:00Z,0.36166857,0.36486999,0.31827128,0.326
2019-07-12T00:00:00Z,0.32645067,0.34941421,0.32000001,0.34400948
2019-07-13T00:00:00Z,0.34400948,0.34441998,0.3245,0.33185526
2019-07-14T00:00:00Z,0.33095906,0.334,0.30007778,0.30400669
2019-07-15T00:00:00Z,0.30488649,0.3224826,0.29514568,0.313001
2019-07-16T00:00:00Z,0.313001,0.31911875,0.28629901,0.295
2019-07-17T00:00:00Z,0.29628385,0.3236304,0.2931172,0.309
2019-07-18T00:00:00Z,0.311,0.32541099,0.30342982,0.32097936
2019-07-19T00:00:00Z,0.32051955,0.3219,0.31024806,0.318101
2019-07-20T00:00:00Z,0.31962074,0.3405,0.31876677,0.33352113
2019-07-21T00:00:00Z,0.33233394,0.33562266,0.32056599,0.331
2019-07-22T00:00:00Z,0.331,0.33216187,0.31638067,0.32136766
2019-07-23T00:00:00Z,0.3181,0.32098942,0.30610091,0.309
2019-07-24T00:00:00Z,0.30760518,0.31854607,0.30401412,0.31698
2019-07-25T00:00:00Z,0.31656999,0.32294444,0.31213076,0.313487
2019-07-26T00:00:00Z,0.313487,0.32449048,0.30746043,0.32213569
2019-07-27T00:00:00Z,0.324,0.32644918,0.3059883,0.30948901
2019-07-28T00:00:00Z,0.30948901,0.31489999,0.3011061,0.31111085
2019-07-29T00:00:00Z,0.3126678,0.31394808,0.30710495,0.3101769
2019-07-30T00:00:00Z,0.31072663,0.32111226,0.30769199,0.31745222
2019-07-31T00:00:00Z,0.31977482,0.32351362,0.31449187,0.318
2019-08-01T00:00:00Z,0.31877318,0.31877318,0.31200001,0.31573736
2019-08-02T00:00:00Z,0.31573736,0.31772687,0.30735707,0.31179351
2019-08-03T00:00:00Z,0.31217031,0.31799509,0.31184375,0.31543434
2019-08-04T00:00:00Z,0.31655565,0.3225,0.3111869,0.318
2019-08-05T00:00:00Z,0.31964695,0.33035113,0.319,0.323
2019-08-06T00:00:00Z,0.321,0.32327811,0.30865708,0.31270637
2019-08-07T00:00:00Z,0.312,0.31612983,0.3085,0.311
2019-08-08T00:00:00Z,0.31098357,0.31247698,0.30200001,0.30852713
2019-08-09T00:00:00Z,0.30754174,0.30831035,0.291,0.29700131
2019-08-10T00:00:00Z,0.29705448,0.30435555,0.29271005,0.29891831
2019-08-11T00:00:00Z,0.2992139,0.30654547,0.29596,0.30419259
2019-08-12T00:00:00Z,0.30251564,0.30465753,0.29890407,0.30126116
2019-08-13T00:00:00Z,0.30013635,0.30107931,0.293789,0.2974582
2019-08-14T00:00:00Z,0.29706,0.29730639,0.25600002,0.263
2019-08-15T00:00:00Z,0.26471108,0.2699,0.251,0.26825364
2019-08-16T00:00:00Z,0.26711998,0.26711998,0.2555354,0.2606
2019-08-17T00:00:00Z,0.26008174,0.26888975,0.25890831,0.26318719
2019-08-18T00:00:00Z,0.26553931,0.29112277,0.263765,0.28228541
2019-08-19T00:00:00Z,0.28072373,0.29,0.276234,0.28296343
2019-08-20T00:00:00Z,0.28089365,0.28089365,0.26965056,0.27358604
2019-08-21T00:00:00Z,0.27296983,0.27296983,0.25949453,0.26586995
2019-08-22T00:00:00Z,0.26704,0.27456901,0.26043609,0.27194715
2019-08-23T00:00:00Z,0.27004976,0.27749782,0.26880386,0.27683664
2019-08-24T00:00:00Z,0.2763,0.27683664,0.2639,0.26978647
2019-08-25T00:00:00Z,0.27244377,0.27563842,0.26638362,0.2690887
2019-08-26T00:00:00Z,0.27107005,0.27903339,0.26673514,0.270625
2019-08-27T00:00:00Z,0.27008235,0.270625,0.26532643,0.27060689
2019-08-28T00:00:00Z,0.26890208,0.26940221,0.24774191,0.256
2019-08-29T00:00:00Z,0.25438079,0.262,0.24795626,0.2561427
2019-08-30T00:00:00Z,0.25648008,0.25743627,0.25262,0.255243
2019-08-31T00:00:00Z,0.255243,0.25983269,0.25371916,0.25847383
2019-09-01T00:00:00Z,0.2582751,0.25840099,0.25032326,0.25725338
2019-09-02T00:00:00Z,0.25564001,0.26369339,0.25325015,0.26028153
2019-09-03T00:00:00Z,0.26098465,0.26675465,0.25813353,0.26234756
2019-09-04T00:00:00Z,0.26171556,0.26246092,0.25601667,0.25724177
2019-09-05T00:00:00Z,0.25768709,0.25966831,0.25422473,0.25686688
2019-09-06T00:00:00Z,0.25603866,0.2586117,0.2470469,0.25078474
2019-09-07T00:00:00Z,0.25126874,0.26211746,0.25017522,0.2597
2019-09-08T00:00:00Z,0.25933827,0.26621827,0.25624278,0.261
2019-09-09T00:00:00Z,0.26149869,0.26463158,0.25694894,0.25763965
2019-09-10T00:00:00Z,0.25921903,0.2633998,0.25453367,0.25667332
2019-09-11T00:00:00Z,0.26039266,0.26039266,0.25093129,0.25497677
2019-09-12T00:00:00Z,0.25539332,0.25624007,0.25100344,0.2536541
2019-09-13T00:00:00Z,0.2536541,0.25552771,0.25200001,0.2545909
2019-09-14T00:00:00Z,0.25509226,0.26557178,0.25359327,0.26242309
2019-09-15T00:00:00Z,0.26223748,0.26409955,0.25842885,0.25982106
2019-09-16T00:00:00Z,0.26012106,0.2632099,0.2576841,0.260573
2019-09-17T00:00:00Z,0.26058196,0.29756291,0.25926845,0.2844
2019-09-18T00:00:00Z,0.2875937,0.325,0.28672696,0.31375533
2019-09-19T00:00:00Z,0.31129182,0.31129182,0.28287004,0.30125402
2019-09-20T00:00:00Z,0.29810978,0.2989708,0.28171885,0.29378538
2019-09-21T00:00:00Z,0.29378538,0.29727042,0.288,0.28919521
2019-09-22T00:00:00Z,0.28766723,0.28792279,0.26872406,0.27788677
2019-09-23T00:00:00Z,0.27741475,0.28638302,0.26694943,0.26757496
2019-09-24T00:00:00Z,0.26715787,0.27339381,0.22310584,0.23393988
2019-09-25T00:00:00Z,0.23452077,0.2497112,0.2318736,0.24527579
2019-09-26T00:00:00Z,0.24601998,0.24968982,0.22934713,0.24302889
2019-09-27T00:00:00Z,0.24100001,0.246,0.23358858,0.24213234
2019-09-28T00:00:00Z,0.24127641,0.24399998,0.23866633,0.24242154
2019-09-29T00:00:00Z,0.24126287,0.24239,0.23480818,0.23999655
2019-09-30T00:00:00Z,0.23987549,0.26224886,0.23522062,0.25468948
2019-10-01T00:00:00Z,0.25468948,0.26039091,0.245,0.24863489
2019-10-02T00:00:00Z,0.24835302,0.255433,0.2442937,0.25226096
2019-10-03T00:00:00Z,0.25370158,0.25370159,0.24247272,0.24851556
2019-10-04T00:00:00Z,0.24730376,0.25623186,0.24459004,0.25289289
2019-10-05T00:00:00Z,0.25136202,0.25699973,0.24590005,0.2522853
2019-10-06T00:00:00Z,0.25365473,0.256,0.250532,0.25489812
2019-10-07T00:00:00Z,0.25559325,0.28072728,0.25338004,0.2759237
2019-10-08T00:00:00Z,0.27567639,0.285,0.270779,0.27733674
2019-10-09T00:00:00Z,0.2784865,0.28712493,0.274,0.28072745
2019-10-10T00:00:00Z,0.28156538,0.28160001,0.26576086,0.27267252
2019-10-11T00:00:00Z,0.27053375,0.274,0.26400003,0.26640699
2019-10-12T00:00:00Z,0.26829598,0.27702345,0.26777788,0.2720247
2019-10-13T00:00:00Z,0.27296333,0.28198773,0.27257751,0.27781357
2019-10-14T00:00:00Z,0.27776753,0.29789473,0.27775465,0.29789473
2019-10-15T00:00:00Z,0.297,0.29887312,0.283,0.2871758
2019-10-16T00:00:00Z,0.28761792,0.29180928,0.278,0.2840174
2019-10-17T00:00:00Z,0.28354813,0.3028957,0.2799185,0.30189075
2019-10-18T00:00:00Z,0.30088524,0.30088524,0.284886,0.29513398
2019-10-19T00:00:00Z,0.29394892,0.29955499,0.28772965,0.29045829
2019-10-20T00:00:00Z,0.29158255,0.29624394,0.2818,0.29263157
2019-10-21T00:00:00Z,0.29416523,0.29416523,0.28825138,0.29294
2019-10-22T00:00:00Z,0.2915,0.30247579,0.28914994,0.29129424
2019-10-23T00:00:00Z,0.28905668,0.29117512,0.25154821,0.2732941
2019-10-24T00:00:00Z,0.2732941,0.27959616,0.26661551,0.27600016
2019-10-25T00:00:00Z,0.27600002,0.30787107,0.27461589,0.29783481
2019-10-26T00:00:00Z,0.29783481,0.312,0.28401,0.29238192
2019-10-27T00:00:00Z,0.29463802,0.30189,0.29,0.29885525
2019-10-28T00:00:00Z,0.29822367,0.30441397,0.2934045,0.295
2019-10-29T00:00:00Z,0.29528454,0.30912429,0.2944,0.30162
2019-10-30T00:00:00Z,0.3017,0.30567626,0.29061846,0.29515341
2019-10-31T00:00:00Z,0.29618665,0.29919401,0.28781282,0.29490153
2019-11-01T00:00:00Z,0.29525332,0.29525332,0.2847,0.29036837
2019-11-02T00:00:00Z,0.29210634,0.29734054,0.29109247,0.295735
2019-11-03T00:00:00Z,0.29444703,0.29624523,0.28826694,0.28985721
2019-11-04T00:00:00Z,0.28940943,0.29968017,0.28940943,0.29968017
2019-11-05T00:00:00Z,0.29893911,0.3041,0.29474445,0.30012773
2019-11-06T00:00:00Z,0.30133999,0.3131,0.29792423,0.30981431
2019-11-07T00:00:00Z,0.30999531,0.31533143,0.27500001,0.2908943
2019-11-08T00:00:00Z,0.29059849,0.29077552,0.2715,0.27821416
2019-11-09T00:00:00Z,0.27500119,0.28174995,0.275,0.27999713
2019-11-10T00:00:00Z,0.27999998,0.28399998,0.27707109,0.28050441
2019-11-11T00:00:00Z,0.27997346,0.28113403,0.27001,0.27551
2019-11-12T00:00:00Z,0.2760182,0.27602765,0.268,0.27087212
2019-11-13T00:00:00Z,0.271,0.27563488,0.27015303,0.27296603
2019-11-14T00:00:00Z,0.27274893,0.27298097,0.26373633,0.26868766
2019-11-15T00:00:00Z,0.26752614,0.2694269,0.25293703,0.26216198
2019-11-16T00:00:00Z,0.25964832,0.26353176,0.25951015,0.26088679
2019-11-17T00:00:00Z,0.26293788,0.26606612,0.25964832,0.26416079
2019-11-18T00:00:00Z,0.26294296,0.26294296,0.24141386,0.25373785
2019-11-19T00:00:00Z,0.25188146,0.25601694,0.24345288,0.25382315
2019-11-20T00:00:00Z,0.25327447,0.25817863,0.2485,0.25080578
2019-11-21T00:00:00Z,0.25071542,0.25281895,0.23626344,0.24234751
2019-11-22T00:00:00Z,0.24345288,0.24563396,0.22200001,0.2302823
2019-11-23T00:00:00Z,0.22878702,0.23524355,0.22513184,0.23343499
2019-11-24T00:00:00Z,0.23488164,0.23488164,0.219,0.21936921
2019-11-25T00:00:00Z,0.2201151,0.22470786,0.200001,0.21832687
2019-11-26T00:00:00Z,0.21738991,0.22176254,0.2135481,0.2204097
2019-11-27T00:00:00Z,0.22000956,0.2301997,0.21318464,0.22424346
2019-11-28T00:00:00Z,0.22403925,0.22892911,0.22240703,0.22257545
2019-11-29T00:00:00Z,0.22395494,0.23190476,0.22395494,0.23
2019-11-30T00:00:00Z,0.23219988,0.23219989,0.22306297,0.22617876
2019-12-01T00:00:00Z,0.22166181,0.2251664,0.21913574,0.22412559
2019-12-02T00:00:00Z,0.22588415,0.22588415,0.218,0.21963796
2019-12-03T00:00:00Z,0.22160646,0.22182963,0.2180579,0.22057388
2019-12-04T00:00:00Z,0.21905152,0.225,0.20958112,0.21696016
2019-12-05T00:00:00Z,0.21342934,0.22661799,0.21179056,0.22279044
2019-12-06T00:00:00Z,0.22193144,0.22652295,0.21997409,0.22516128
2019-12-07T00:00:00Z,0.22487143,0.22773831,0.22305482,0.22691813
2019-12-08T00:00:00Z,0.22768457,0.23204353,0.22352494,0.22962954
2019-12-09T00:00:00Z,0.2290925,0.22992748,0.22074333,0.22400741
2019-12-10T00:00:00Z,0.22474076,0.22538977,0.21894529,0.22177197
2019-12-11T00:00:00Z,0.22214791,0.22278924,0.22026274,0.22096142
2019-12-12T00:00:00Z,0.22179848,0.22215809,0.217,0.21846622
2019-12-13T00:00:00Z,0.2182117,0.22092719,0.21517784,0.21955842
2019-12-14T00:00:00Z,0.2203482,0.22129722,0.21503775,0.21709283
2019-12-15T00:00:00Z,0.215,0.21898797,0.2144845,0.21844654
2019-12-16T00:00:00Z,0.21583006,0.21583006,0.2021843,0.20554029
2019-12-17T00:00:00Z,0.20608,0.20608,0.17790001,0.18307827
2019-12-18T00:00:00Z,0.18182451,0.2,0.1754,0.19672241
2019-12-19T00:00:00Z,0.19605537,0.19605537,0.1855,0.1880447
2019-12-20T00:00:00Z,0.18836812,0.19810687,0.18380798,0.19499831
2019-12-21T00:00:00Z,0.19494389,0.19494389,0.1900126,0.19115002
2019-12-22T00:00:00Z,0.19100001,0.1969714,0.19023095,0.1957758
2019-12-23T00:00:00Z,0.19726703,0.19842273,0.18851237,0.18921422
2019-12-24T00:00:00Z,0.18928735,0.19399588,0.18784568,0.19053034
2019-12-25T00:00:00Z,0.19056654,0.19077017,0.18666432,0.18987112
2019-12-26T00:00:00Z,0.18802649,0.19402235,0.18762921,0.18933111
2019-12-27T00:00:00Z,0.19004129,0.19014,0.185,0.19014
2019-12-28T00:00:00Z,0.19032909,0.19499942,0.19032909,0.19484094
2019-12-29T00:00:00Z,0.19358322,0.19844886,0.19189061,0.19558
2019-12-30T00:00:00Z,0.19730101,0.19730101,0.1921968,0.19392731
2019-12-31T00:00:00Z,0.1930938,0.19405048,0.18986095,0.19350465
2020-01-01T00:00:00Z,0.19443437,0.19536339,0.19337262,0.19337262
2020-01-02T00:00:00Z,0.19331996,0.19331996,0.18510029,0.18749559
2020-01-03T00:00:00Z,0.18698013,0.19404815,0.18469998,0.19380337
2020-01-04T00:00:00Z,0.19216164,0.1933075,0.19169,0.19301127
2020-01-05T00:00:00Z,0.19355777,0.19707998,0.19348861,0.19414556
2020-01-06T00:00:00Z,0.19409832,0.22349,0.19409832,0.22201216
2020-01-07T00:00:00Z,0.22329,0.22524973,0.20751337,0.21475059
2020-01-08T00:00:00Z,0.21400316,0.218,0.20300058,0.20786971
2020-01-09T00:00:00Z,0.20806979,0.20806979,0.20141315,0.20414905
2020-01-10T00:00:00Z,0.20451075,0.2128,0.2003461,0.21243
2020-01-11T00:00:00Z,0.21189003,0.21953,0.20909,0.21209625
2020-01-12T00:00:00Z,0.21087322,0.21623838,0.20970858,0.21446715
2020-01-13T00:00:00Z,0.21530402,0.21530402,0.21,0.21128997
2020-01-14T00:00:00Z,0.21233325,0.24444075,0.21233324,0.23463379
2020-01-15T00:00:00Z,0.23335351,0.2434,0.22659801,0.23362976
2020-01-16T00:00:00Z,0.23436927,0.23465349,0.22168984,0.22846027
2020-01-17T00:00:00Z,0.22877246,0.24481678,0.2273,0.23993181
2020-01-18T00:00:00Z,0.23862303,0.25482427,0.23222,0.2437191
2020-01-19T00:00:00Z,0.24312355,0.25167466,0.2277,0.23645252
2020-01-20T00:00:00Z,0.2367008,0.2367008,0.22386064,0.23367768
2020-01-21T00:00:00Z,0.23308295,0.2420096,0.23076923,0.23887603
2020-01-22T00:00:00Z,0.23821256,0.23981185,0.23177674,0.236561
2020-01-23T00:00:00Z,0.23582105,0.23582105,0.22139076,0.22597152
2020-01-24T00:00:00Z,0.22597152,0.22621779,0.21380119,0.22257894
2020-01-25T00:00:00Z,0.22173854,0.22257478,0.21725736,0.22257478
2020-01-26T00:00:00Z,0.21837451,0.23239576,0.21837451,0.2312454
2020-01-27T00:00:00Z,0.23190077,0.23399399,0.22618386,0.23148176
2020-01-28T00:00:00Z,0.23158121,0.2412934,0.22977865,0.23836388
2020-01-29T00:00:00Z,0.23999934,0.24216584,0.23389491,0.2376
2020-01-30T00:00:00Z,0.23491396,0.24648192,0.23140998,0.24317357
2020-01-31T00:00:00Z,0.24395,0.24417028,0.2345,0.23955055
2020-02-01T00:00:00Z,0.24005,0.24286802,0.23729,0.2415
2020-02-02T00:00:00Z,0.24006,0.26145,0.2364,0.25138182
2020-02-03T00:00:00Z,0.2507802,0.25935967,0.24637985,0.25499
2020-02-04T00:00:00Z,0.25531,0.27099979,0.2483004,0.26609031
2020-02-05T00:00:00Z,0.26746947,0.28228383,0.26746947,0.27773761
2020-02-06T00:00:00Z,0.27744829,0.28811522,0.26755764,0.283
2020-02-07T00:00:00Z,0.283,0.28829398,0.2776416,0.2794
2020-02-08T00:00:00Z,0.2794,0.28167063,0.26420301,0.27768604
2020-02-09T00:00:00Z,0.27768243,0.28875945,0.27658373,0.2835
2020-02-10T00:00:00Z,0.28203002,0.28288581,0.26746752,0.27466966
2020-02-11T00:00:00Z,0.27354752,0.28310603,0.2674,0.2801762
2020-02-12T00:00:00Z,0.282,0.30944502,0.281815,0.30472267
2020-02-13T00:00:00Z,0.30372388,0.3390944,0.30006482,0.32767258
2020-02-14T00:00:00Z,0.32684636,0.33953335,0.31100001,0.33476927
2020-02-15T00:00:00Z,0.33871698,0.34624502,0.29578,0.30502875
2020-02-16T00:00:00Z,0.30406276,0.31802189,0.27,0.29440976
2020-02-17T00:00:00Z,0.29375336,0.29455058,0.2683662,0.28795397
2020-02-18T00:00:00Z,0.28795277,0.3027127,0.27569863,0.29843925
2020-02-19T00:00:00Z,0.29675087,0.30799997,0.2707,0.2765499
2020-02-20T00:00:00Z,0.27569494,0.28090968,0.26155,0.27238628
2020-02-21T00:00:00Z,0.27220154,0.27826335,0.26779651,0.27485181
2020-02-22T00:00:00Z,0.27412907,0.27660434,0.2707757,0.276
2020-02-23T00:00:00Z,0.2754949,0.28482308,0.2754949,0.28270077
2020-02-24T00:00:00Z,0.28293915,0.2836,0.265,0.27
2020-02-25T00:00:00Z,0.27075119,0.27075119,0.25123026,0.25380993
2020-02-26T00:00:00Z,0.25344,0.25359986,0.22403609,0.22929992
2020-02-27T00:00:00Z,0.22894126,0.2469697,0.22411,0.23805431
2020-02-28T00:00:00Z,0.239,0.24351273,0.2288,0.23667356
2020-02-29T00:00:00Z,0.23609691,0.24178705,0.22860201,0.22860201
2020-03-01T00:00:00Z,0.23131016,0.23548431,0.22452666,0.22870177
2020-03-02T00:00:00Z,0.22616086,0.241,0.22616086,0.2386129
2020-03-03T00:00:00Z,0.23814043,0.23848326,0.22963022,0.23412132
2020-03-04T00:00:00Z,0.23401304,0.23799188,0.23076702,0.23460375
2020-03-05T00:00:00Z,0.23529193,0.24323564,0.23529193,0.2389679
2020-03-06T00:00:00Z,0.23867288,0.24595802,0.23813471,0.24486975
2020-03-07T00:00:00Z,0.2444299,0.24486405,0.23525664,0.23643883
2020-03-08T00:00:00Z,0.23574729,0.23574729,0.2002,0.203
2020-03-09T00:00:00Z,0.20552999,0.21144775,0.19777532,0.20962884
2020-03-10T00:00:00Z,0.20898353,0.21550266,0.20622009,0.21268619
2020-03-11T00:00:00Z,0.21258561,0.21324881,0.19891112,0.20698623
2020-03-12T00:00:00Z,0.20855984,0.20960264,0.12858662,0.13648655
2020-03-13T00:00:00Z,0.13524444,0.205,0.10652622,0.15796512
2020-03-14T00:00:00Z,0.15485049,0.15904621,0.144,0.146
2020-03-15T00:00:00Z,0.14496866,0.16478981,0.14496866,0.15332881
2020-03-16T00:00:00Z,0.15317876,0.15317876,0.1288,0.14085254
2020-03-17T00:00:00Z,0.14093935,0.15184697,0.14092949,0.147256
2020-03-18T00:00:00Z,0.14716512,0.14903941,0.14016123,0.14681988
2020-03-19T00:00:00Z,0.14686695,0.17168291,0.1446858,0.16430041
2020-03-20T00:00:00Z,0.16602188,0.17433022,0.14565345,0.15663779
2020-03-21T00:00:00Z,0.15643883,0.16136834,0.15237477,0.15731667
2020-03-22T00:00:00Z,0.15723313,0.16128117,0.1465,0.14786028
2020-03-23T00:00:00Z,0.14712098,0.16136846,0.14529236,0.158216
2020-03-24T00:00:00Z,0.15860921,0.16348014,0.15708424,0.16252702
2020-03-25T00:00:00Z,0.16141107,0.16492735,0.157,0.16166203
2020-03-26T00:00:00Z,0.16157459,0.177,0.16007024,0.17634022
2020-03-27T00:00:00Z,0.177,0.18738363,0.16918253,0.17445055
2020-03-28T00:00:00Z,0.17078444,0.18011124,0.16639192,0.17550262
2020-03-29T00:00:00Z,0.17550262,0.176,0.16200012,0.16310403
2020-03-30T00:00:00Z,0.16370327,0.17539573,0.1636,0.17195623
2020-03-31T00:00:00Z,0.17184767,0.17799942,0.17096376,0.17321962
2020-04-01T00:00:00Z,0.17309787,0.17590416,0.16881746,0.17433614
2020-04-02T00:00:00Z,0.17682067,0.18606337,0.17459206,0.17795732
2020-04-03T00:00:00Z,0.17818378,0.18257997,0.1756242,0.17898254
2020-04-04T00:00:00Z,0.17868331,0.183,0.17787079,0.1806927
2020-04-05T00:00:00Z,0.18170853,0.18170853,0.17600004,0.17912537
2020-04-06T00:00:00Z,0.17912537,0.1984798,0.17912537,0.19799999
2020-04-07T00:00:00Z,0.19799999,0.205,0.19008691,0.19311914
2020-04-08T00:00:00Z,0.19311914,0.20267572,0.19241529,0.20209824
2020-04-09T00:00:00Z,0.20209824,0.20209824,0.19404794,0.199
2020-04-10T00:00:00Z,0.199,0.199,0.182,0.18778158
2020-04-11T00:00:00Z,0.18778158,0.19217813,0.18495909,0.187
2020-04-12T00:00:00Z,0.187,0.19553765,0.18644544,0.19083023
2020-04-13T00:00:00Z,0.18903255,0.18950152,0.1805,0.18779792
2020-04-14T00:00:00Z,0.18779792,0.1891982,0.184,0.18582347
2020-04-15T00:00:00Z,0.18582347,0.18991873,0.1795582,0.18077429
2020-04-16T00:00:00Z,0.17981383,0.19326778,0.17400021,0.18960512
2020-04-17T00:00:00Z,0.19055791,0.19160281,0.18677524,0.18917077
2020-04-18T00:00:00Z,0.18917077,0.19636846,0.1888036,0.19506156
2020-04-19T00:00:00Z,0.19506156,0.19590659,0.18806045,0.18916604
2020-04-20T00:00:00Z,0.18916604,0.19396212,0.17800024,0.18179729
2020-04-21T00:00:00Z,0.18179729,0.1862,0.1817714,0.18321
2020-04-22T00:00:00Z,0.18321,0.18941779,0.18187747,0.18839359
2020-04-23T00:00:00Z,0.18839359,0.1992866,0.18584136,0.19198414
2020-04-24T00:00:00Z,0.1920462,0.19705794,0.1920462,0.19340034
2020-04-25T00:00:00Z,0.19340034,0.19730859,0.1918,0.19437641
2020-04-26T00:00:00Z,0.19437641,0.19767694,0.19244901,0.19725515
2020-04-27T00:00:00Z,0.19725515,0.19969549,0.19436859,0.19712714
2020-04-28T00:00:00Z,0.19689532,0.2179,0.19479419,0.21555117
2020-04-29T00:00:00Z,0.21555117,0.23111568,0.2136819,0.22671375
2020-04-30T00:00:00Z,0.22671375,0.23568577,0.20826219,0.21122149
2020-05-01T00:00:00Z,0.21122149,0.22399908,0.21122149,0.21727015
2020-05-02T00:00:00Z,0.21805105,0.22569703,0.21558416,0.22396907
2020-05-03T00:00:00Z,0.22339284,0.22671269,0.2158092,0.21940967
2020-05-04T00:00:00Z,0.21940967,0.22015362,0.2075,0.21719852
2020-05-05T00:00:00Z,0.21719852,0.22184446,0.21339662,0.21725248
2020-05-06T00:00:00Z,0.21725248,0.22186109,0.21101434,0.21201043
2020-05-07T00:00:00Z,0.21201043,0.22127522,0.20995927,0.21850854
2020-05-08T00:00:00Z,0.21850854,0.22180831,0.21421147,0.2181141
2020-05-09T00:00:00Z,0.2181141,0.22499999,0.21585915,0.21635353
2020-05-10T00:00:00Z,0.21635353,0.21635353,0.18,0.1964943
2020-05-11T00:00:00Z,0.19702655,0.19966443,0.185,0.19271683
2020-05-12T00:00:00Z,0.19271683,0.19966443,0.19203571,0.19712859
2020-05-13T00:00:00Z,0.19712859,0.20399973,0.19593791,0.20165051
2020-05-14T00:00:00Z,0.20165051,0.20628444,0.19898615,0.20387717
2020-05-15T00:00:00Z,0.20387717,0.204477,0.1970864,0.19764383
2020-05-16T00:00:00Z,0.19764383,0.20217964,0.19694876,0.19977471
2020-05-17T00:00:00Z,0.19977471,0.20430344,0.19916208,0.20150478
2020-05-18T00:00:00Z,0.20150478,0.208,0.20116876,0.20529
2020-05-19T00:00:00Z,0.20529,0.20656512,0.20104462,0.20469929
2020-05-20T00:00:00Z,0.20469929,0.20609982,0.19796484,0.20165781
2020-05-21T00:00:00Z,0.20165781,0.20266426,0.1898511,0.19419386
2020-05-22T00:00:00Z,0.19419387,0.2026129,0.19269212,0.19963296
2020-05-23T00:00:00Z,0.19963296,0.20208183,0.19816631,0.19898615
2020-05-24T00:00:00Z,0.19898615,0.20145155,0.19250005,0.1929951
2020-05-25T00:00:00Z,0.1925,0.19613303,0.1909,0.19613303
2020-05-26T00:00:00Z,0.19613303,0.1964766,0.19133596,0.19458964
2020-05-27T00:00:00Z,0.19458964,0.20049999,0.19375307,0.19730074
2020-05-28T00:00:00Z,0.19721472,0.2009856,0.19497993,0.19986881
2020-05-29T00:00:00Z,0.20073556,0.20271405,0.19647368,0.19717755
2020-05-30T00:00:00Z,0.19728119,0.20751323,0.196213,0.2071649
2020-05-31T00:00:00Z,0.2071649,0.21358357,0.2001323,0.20317581
2020-06-01T00:00:00Z,0.20208183,0.2125385,0.2017184,0.21041953
2020-06-02T00:00:00Z,0.211,0.2147,0.19773792,0.20292871
2020-06-03T00:00:00Z,0.20292871,0.20460118,0.20134034,0.20423738
2020-06-04T00:00:00Z,0.20423738,0.20661586,0.20049373,0.20393942
2020-06-05T00:00:00Z,0.20393942,0.20568793,0.20134034,0.20261231
2020-06-06T00:00:00Z,0.20255567,0.20467399,0.20146168,0.20416214
2020-06-07T00:00:00Z,0.20416214,0.20492162,0.19832136,0.20346635
2020-06-08T00:00:00Z,0.20346635,0.20417741,0.20137345,0.2037957
2020-06-09T00:00:00Z,0.20417741,0.20486904,0.20016276,0.20144213
2020-06-10T00:00:00Z,0.20144213,0.20371048,0.1995,0.20265274
2020-06-11T00:00:00Z,0.20265274,0.20312825,0.18450005,0.18867422
2020-06-12T00:00:00Z,0.18800007,0.19519575,0.18723735,0.19226636
2020-06-13T00:00:00Z,0.19226636,0.19381127,0.191,0.19254368
2020-06-14T00:00:00Z,0.19254368,0.19254368,0.18913299,0.19024122
2020-06-15T00:00:00Z,0.19024122,0.19337631,0.18222387,0.19285929
2020-06-16T00:00:00Z,0.19285929,0.19409185,0.19041,0.1925648
2020-06-17T00:00:00Z,0.1925648,0.19836883,0.189,0.19353522
2020-06-18T00:00:00Z,0.19353522,0.19353522,0.18800076,0.19058112
2020-06-19T00:00:00Z,0.19058112,0.19058112,0.18624904,0.18719299
2020-06-20T00:00:00Z,0.18719299,0.18901941,0.1851,0.1886375
2020-06-21T00:00:00Z,0.1886375,0.1886375,0.18510001,0.186
2020-06-22T00:00:00Z,0.186,0.19023811,0.186,0.1895468
2020-06-23T00:00:00Z,0.1895468,0.19038833,0.18835124,0.18863299
2020-06-24T00:00:00Z,0.18863299,0.19,0.181727,0.18406008
2020-06-25T00:00:00Z,0.18313717,0.18418183,0.17856357,0.18156268
2020-06-26T00:00:00Z,0.18156268,0.18638085,0.17881,0.18231611
2020-06-27T00:00:00Z,0.18275881,0.18353028,0.1695,0.17516702
2020-06-28T00:00:00Z,0.17527318,0.17986472,0.17352,0.17693195
2020-06-29T00:00:00Z,0.17693195,0.17917487,0.17530663,0.17758343
2020-06-30T00:00:00Z,0.17758343,0.17782775,0.17499521,0.17534281
2020-07-01T00:00:00Z,0.17534281,0.17773845,0.17416553,0.17644825
2020-07-02T00:00:00Z,0.176401,0.17729892,0.17236204,0.17531732
2020-07-03T00:00:00Z,0.17531732,0.17837438,0.1745,0.17554762
2020-07-04T00:00:00Z,0.17600283,0.17933403,0.17600283,0.17796339
2020-07-05T00:00:00Z,0.17796339,0.17853811,0.17399433,0.17660876
2020-07-06T00:00:00Z,0.17660876,0.18908279,0.17660876,0.18878724
2020-07-07T00:00:00Z,0.18878724,0.18905322,0.18337276,0.18504441
2020-07-08T00:00:00Z,0.18504441,0.20632586,0.184,0.20470145
2020-07-09T00:00:00Z,0.20470145,0.21185381,0.19678403,0.20269861
2020-07-10T00:00:00Z,0.20269861,0.20269861,0.193,0.19872795
2020-07-11T00:00:00Z,0.19908957,0.20487532,0.19803129,0.20144715
2020-07-12T00:00:00Z,0.20144715,0.2035014,0.198,0.20067723
2020-07-13T00:00:00Z,0.20067723,0.2061857,0.1925,0.1986
2020-07-14T00:00:00Z,0.1986,0.19974865,0.19519663,0.19886764
2020-07-15T00:00:00Z,0.19886764,0.19955718,0.19657997,0.19755291
2020-07-16T00:00:00Z,0.19755291,0.19769512,0.18915,0.19389306
2020-07-17T00:00:00Z,0.19389306,0.19754366,0.19113594,0.19473197
2020-07-18T00:00:00Z,0.19473197,0.20193096,0.19397326,0.19990502
2020-07-19T00:00:00Z,0.19990502,0.2015,0.19602443,0.1993044
2020-07-20T00:00:00Z,0.1993044,0.19986858,0.19185405,0.19472229
2020-07-21T00:00:00Z,0.19472229,0.20099996,0.19470096,0.19949992
2020-07-22T00:00:00Z,0.1995,0.20456609,0.19633933,0.20333838
2020-07-23T00:00:00Z,0.20333838,0.21006146,0.20172612,0.20820254
2020-07-24T00:00:00Z,0.20820254,0.20864753,0.20246175,0.204
2020-07-25T00:00:00Z,0.204,0.21763315,0.20360679,0.21422092
2020-07-26T00:00:00Z,0.21422092,0.22499993,0.21150841,0.21502709
2020-07-27T00:00:00Z,0.21507593,0.22875516,0.209,0.2241014
2020-07-28T00:00:00Z,0.22431677,0.23463842,0.21686308,0.23152082
2020-07-29T00:00:00Z,0.23152082,0.24920635,0.22962064,0.2424411
2020-07-30T00:00:00Z,0.2424411,0.2493,0.2359,0.24394907
2020-07-31T00:00:00Z,0.24394907,0.2603,0.24193242,0.2595315
2020-08-01T00:00:00Z,0.25928031,0.29715405,0.25615047,0.29025162
2020-08-02T00:00:00Z,0.29074057,0.32599917,0.2330787,0.28776789
2020-08-03T00:00:00Z,0.28761156,0.31918875,0.28453997,0.3102
2020-08-04T00:00:00Z,0.31047407,0.31881917,0.29038296,0.30086898
2020-08-05T00:00:00Z,0.30086898,0.33001456,0.2904,0.30188928
2020-08-06T00:00:00Z,0.30188928,0.31048305,0.29752262,0.3024995
2020-08-07T00:00:00Z,0.3024995,0.30935263,0.2801007,0.29442478
2020-08-08T00:00:00Z,0.29442478,0.29876098,0.29018459,0.29500019
2020-08-09T00:00:00Z,0.29500019,0.29810934,0.28237155,0.28764354
2020-08-10T00:00:00Z,0.28764354,0.29961965,0.28435966,0.29472479
2020-08-11T00:00:00Z,0.29472479,0.3066458,0.26910499,0.28339885
2020-08-12T00:00:00Z,0.28339885,0.287,0.27213,0.28220379
2020-08-13T00:00:00Z,0.28220379,0.29558554,0.2729,0.29413223
2020-08-14T00:00:00Z,0.29413223,0.30684297,0.28818933,0.29908463
2020-08-15T00:00:00Z,0.29908463,0.30517828,0.2916909,0.29893757
2020-08-16T00:00:00Z,0.29893757,0.30404078,0.29243628,0.30396785
2020-08-17T00:00:00Z,0.30502529,0.32679468,0.29763899,0.3156782
2020-08-18T00:00:00Z,0.31543853,0.3377,0.29702839,0.30208717
2020-08-19T00:00:00Z,0.30289549,0.30591387,0.279,0.2891034
2020-08-20T00:00:00Z,0.29057473,0.294,0.28529389,0.29240329
2020-08-21T00:00:00Z,0.29240329,0.2950408,0.2774,0.27840003
2020-08-22T00:00:00Z,0.27840003,0.28642665,0.27373997,0.28642665
2020-08-23T00:00:00Z,0.28642665,0.288,0.27784203,0.286
2020-08-24T00:00:00Z,0.286,0.29199966,0.28277242,0.28901506
2020-08-25T00:00:00Z,0.28844694,0.28860758,0.27045744,0.2765
2020-08-26T00:00:00Z,0.2765,0.28055734,0.27423838,0.2769788
2020-08-27T00:00:00Z,0.2769788,0.2782,0.25503614,0.26484694
2020-08-28T00:00:00Z,0.26502644,0.273,0.26080623,0.27182053
2020-08-29T00:00:00Z,0.27203619,0.27675876,0.26900382,0.27363056
2020-08-30T00:00:00Z,0.27415489,0.28363364,0.274,0.28218027
2020-08-31T00:00:00Z,0.28218027,0.28451002,0.27783621,0.28261841
2020-09-01T00:00:00Z,0.28261841,0.29836407,0.2763,0.2950482
2020-09-02T00:00:00Z,0.2950482,0.3037237,0.26226792,0.27664912
2020-09-03T00:00:00Z,0.27664912,0.27664912,0.23770291,0.24434205
2020-09-04T00:00:00Z,0.24380001,0.265,0.24012483,0.25471611
2020-09-05T00:00:00Z,0.25471611,0.259,0.2315787,0.23735834
2020-09-06T00:00:00Z,0.23735834,0.24329352,0.23,0.24009443
2020-09-07T00:00:00Z,0.24009443,0.24286559,0.23118387,0.24224289
2020-09-08T00:00:00Z,0.24224289,0.2429149,0.23199831,0.23596089
2020-09-09T00:00:00Z,0.23648839,0.24256044,0.23374608,0.23892104
2020-09-10T00:00:00Z,0.23892104,0.24838799,0.23892104,0.24256263
2020-09-11T00:00:00Z,0.24272294,0.24422732,0.23784623,0.24273638
2020-09-12T00:00:00Z,0.24273638,0.24840283,0.24049354,0.24779303
2020-09-13T00:00:00Z,0.24779303,0.25318849,0.2379,0.24213057
2020-09-14T00:00:00Z,0.24213057,0.24847012,0.23940006,0.24581954
2020-09-15T00:00:00Z,0.24581954,0.24884649,0.24252198,0.24363846
2020-09-16T00:00:00Z,0.24363846,0.25067629,0.23494802,0.24670083
2020-09-17T00:00:00Z,0.24670083,0.25831291,0.24670083,0.25231706
2020-09-18T00:00:00Z,0.25231706,0.25489866,0.24643098,0.25011306
2020-09-19T00:00:00Z,0.25011306,0.2548546,0.24756381,0.2510766
2020-09-20T00:00:00Z,0.2510766,0.2510766,0.24269506,0.2456739
2020-09-21T00:00:00Z,0.2456739,0.24778378,0.22960937,0.23192151
2020-09-22T00:00:00Z,0.23192151,0.23442032,0.22996266,0.23350904
2020-09-23T00:00:00Z,0.23350904,0.23481948,0.22015866,0.22158736
2020-09-24T00:00:00Z,0.22158736,0.23349169,0.22,0.23246528
2020-09-25T00:00:00Z,0.23246528,0.24422768,0.22955496,0.24182787
2020-09-26T00:00:00Z,0.24182787,0.24535018,0.238,0.24110922
2020-09-27T00:00:00Z,0.24110922,0.244188,0.23744596,0.24156547
2020-09-28T00:00:00Z,0.24156547,0.2480489,0.24156547,0.24220203
2020-09-29T00:00:00Z,0.24220203,0.24678619,0.23842905,0.24280669
2020-09-30T00:00:00Z,0.24280669,0.24280669,0.238385,0.24223402
2020-10-01T00:00:00Z,0.24223402,0.24411464,0.2344596,0.238197
2020-10-02T00:00:00Z,0.238197,0.23935781,0.2295,0.2337722
2020-10-03T00:00:00Z,0.2337722,0.23477544,0.23250001,0.23373006
2020-10-04T00:00:00Z,0.23373006,0.24961216,0.23150026,0.24791939
2020-10-05T00:00:00Z,0.24791742,0.25400009,0.24628212,0.24969361
2020-10-06T00:00:00Z,0.24969361,0.25884747,0.241,0.246
2020-10-07T00:00:00Z,0.246,0.251,0.24123779,0.24837483
2020-10-08T00:00:00Z,0.2489054,0.25282161,0.24245878,0.25094519
2020-10-09T00:00:00Z,0.25094519,0.25649997,0.2,0.25347679
2020-10-10T00:00:00Z,0.25347679,0.26,0.25282879,0.2535
2020-10-11T00:00:00Z,0.2535,0.2583,0.2535,0.2555
2020-10-12T00:00:00Z,0.2555,0.25799995,0.24919122,0.25512256
2020-10-13T00:00:00Z,0.25612623,0.2595,0.25272259,0.25563047
2020-10-14T00:00:00Z,0.25563047,0.258,0.24622484,0.24923965
2020-10-15T00:00:00Z,0.24923965,0.24992535,0.24316915,0.2455
2020-10-16T00:00:00Z,0.2455,0.2475,0.23799301,0.24050109
2020-10-17T00:00:00Z,0.24050109,0.24264369,0.23873886,0.24074167
2020-10-18T00:00:00Z,0.24074167,0.243,0.24000323,0.24182593
2020-10-19T00:00:00Z,0.24182593,0.24924828,0.24014853,0.24551591
2020-10-20T00:00:00Z,0.24551591,0.25,0.24174968,0.24300257
2020-10-21T00:00:00Z,0.24300257,0.25524059,0.24300257,0.25107881
2020-10-22T00:00:00Z,0.25102237,0.26314155,0.25102237,0.25684998
2020-10-23T00:00:00Z,0.25684998,0.2589006,0.25005745,0.25485225
2020-10-24T00:00:00Z,0.25485225,0.25736951,0.25289829,0.25595407
2020-10-25T00:00:00Z,0.25595407,0.257,0.25134462,0.25310273
2020-10-26T00:00:00Z,0.25310273,0.25870721,0.2433,0.2489932
2020-10-27T00:00:00Z,0.24856275,0.25398135,0.24771027,0.25325807
2020-10-28T00:00:00Z,0.25325807,0.25634953,0.2445581,0.24737625
2020-10-29T00:00:00Z,0.24737625,0.24737625,0.23973075,0.24202809
2020-10-30T00:00:00Z,0.24202809,0.24399977,0.2311,0.23879636
2020-10-31T00:00:00Z,0.23879636,0.24303603,0.23778029,0.24007536
2020-11-01T00:00:00Z,0.24007536,0.24130827,0.237,0.23977315
2020-11-02T00:00:00Z,0.23977315,0.2445,0.233,0.23527925
2020-11-03T00:00:00Z,0.23527925,0.2439944,0.22439974,0.23965518
2020-11-04T00:00:00Z,0.23965518,0.24053579,0.23307982,0.2375
2020-11-05T00:00:00Z,0.2375,0.24708222,0.23743644,0.24503526
2020-11-06T00:00:00Z,0.24503526,0.261,0.24503526,0.25765874
2020-11-07T00:00:00Z,0.25765874,0.26709209,0.2441,0.24923009
2020-11-08T00:00:00Z,0.24923009,0.25677684,0.24790543,0.2533321
2020-11-09T00:00:00Z,0.2533321,0.25517494,0.246,0.25092665
2020-11-10T00:00:00Z,0.25092665,0.26409406,0.2485,0.25400005
2020-11-11T00:00:00Z,0.25400005,0.2595,0.2525,0.25574423
2020-11-12T00:00:00Z,0.25574423,0.25811159,0.25277303,0.25470507
2020-11-13T00:00:00Z,0.25470507,0.2655,0.25416676,0.26413784
2020-11-14T00:00:00Z,0.2655,0.32,0.25890019,0.2686
2020-11-15T00:00:00Z,0.2686,0.2768434,0.2645,0.2696415
2020-11-16T00:00:00Z,0.2696415,0.28985823,0.26782946,0.28844155
2020-11-17T00:00:00Z,0.28844155,0.30494471,0.28844155,0.30293082
2020-11-18T00:00:00Z,0.30263093,0.30782611,0.28177732,0.29440674
2020-11-19T00:00:00Z,0.29364236,0.306,0.28472438,0.30361313
2020-11-20T00:00:00Z,0.30361313,0.33,0.29733759,0.32863735
2020-11-21T00:00:00Z,0.32863735,0.46880857,0.32863735,0.46246077
2020-11-22T00:00:00Z,0.46135321,0.49556178,0.40330002,0.44647682
2020-11-23T00:00:00Z,0.44647682,0.62070188,0.433,0.61558696
2020-11-24T00:00:00Z,0.61724024,0.79,0.56068782,0.69005294
2020-11-25T00:00:00Z,0.69506883,0.72299994,0.58433348,0.63114278
2020-11-26T00:00:00Z,0.62691801,0.65,0.45318935,0.535
2020-11-27T00:00:00Z,0.535,0.58583314,0.5,0.5611111
2020-11-28T00:00:00Z,0.56142007,0.64799999,0.5397,0.62536277
2020-11-29T00:00:00Z,0.62536277,0.6354731,0.58464841,0.60381773
2020-11-30T00:00:00Z,0.60381773,0.67662849,0.60021818,0.66148116
2020-12-01T00:00:00Z,0.66148116,0.68,0.57321,0.61200589
2020-12-02T00:00:00Z,0.61200589,0.63580455,0.59503065,0.63239514
2020-12-03T00:00:00Z,0.63239514,0.64143191,0.61527935,0.63133839
2020-12-04T00:00:00Z,0.63133839,0.6318163,0.54321006,0.554
2020-12-05T00:00:00Z,0.5534837,0.59557722,0.55,0.5846861
2020-12-06T00:00:00Z,0.5846861,0.62780595,0.57620112,0.62192219
2020-12-07T00:00:00Z,0.62278066,0.62278066,0.59097789,0.60935889
2020-12-08T00:00:00Z,0.60767821,0.61,0.55064451,0.55873493
2020-12-09T00:00:00Z,0.55738501,0.60309517,0.50434,0.5835564
2020-12-10T00:00:00Z,0.5835564,0.58754725,0.55499993,0.57158899
2020-12-11T00:00:00Z,0.57289044,0.58662123,0.52683691,0.53827261
2020-12-12T00:00:00Z,0.53827261,0.55223851,0.486,0.50578489
2020-12-13T00:00:00Z,0.50578489,0.52733163,0.48764162,0.51354152
2020-12-14T00:00:00Z,0.51354152,0.51790522,0.49,0.49772221
2020-12-15T00:00:00Z,0.49871053,0.50770041,0.46556476,0.46896039
2020-12-16T00:00:00Z,0.46896039,0.57450256,0.4370027,0.57058769
2020-12-17T00:00:00Z,0.57210426,0.65797893,0.53705233,0.57737194
2020-12-18T00:00:00Z,0.57469215,0.613046,0.55127898,0.5831164
2020-12-19T00:00:00Z,0.5831164,0.60260711,0.56715683,0.578
2020-12-20T00:00:00Z,0.57603675,0.58581964,0.5325,0.55647923
2020-12-21T00:00:00Z,0.55389844,0.56968629,0.5,0.51599036
2020-12-22T00:00:00Z,0.51476928,0.521,0.40579982,0.44943655
2020-12-23T00:00:00Z,0.44563053,0.44750523,0.21540125,0.26141752
2020-12-24T00:00:00Z,0.25534312,0.37735989,0.24292637,0.33999663
2020-12-25T00:00:00Z,0.34,0.38502276,0.28,0.318
2020-12-26T00:00:00Z,0.31765294,0.32765294,0.28355737,0.29432267
2020-12-27T00:00:00Z,0.29432267,0.3099999,0.26657423,0.283
2020-12-28T00:00:00Z,0.28342939,0.30830088,0.235,0.249
2020-12-29T00:00:00Z,0.24773264,0.24999292,0.17319753,0.22060904
2020-12-30T00:00:00Z,0.22060904,0.23623963,0.19219219,0.21038446
2020-12-31T00:00:00Z,0.21095161,0.22866877,0.205,0.21912331
2021-01-01T00:00:00Z,0.21912331,0.24987898,0.21620765,0.23651699
2021-01-02T00:00:00Z,0.23700321,0.23775,0.21030056,0.2209267
2021-01-03T00:00:00Z,0.2207636,0.2381052,0.21458942,0.22449031
2021-01-04T00:00:00Z,0.22449031,0.2602,0.21556303,0.23577051
2021-01-05T00:00:00Z,0.23577051,0.242,0.2177173,0.22595993
2021-01-06T00:00:00Z,0.22595993,0.27252406,0.21994007,0.24944043
2021-01-07T00:00:00Z,0.24944043,0.36885525,0.24584306,0.32215784
2021-01-08T00:00:00Z,0.32415546,0.345,0.28436548,0.3201916
2021-01-09T00:00:00Z,0.31907687,0.33917802,0.30518223,0.32389014
2021-01-10T00:00:00Z,0.32463018,0.37,0.28110962,0.31357242
2021-01-11T00:00:00Z,0.3144387,0.3147475,0.25490992,0.28812509
2021-01-12T00:00:00Z,0.28812509,0.31061233,0.27792257,0.29285716
2021-01-13T00:00:00Z,0.29285716,0.30966657,0.28491443,0.30587107
2021-01-14T00:00:00Z,0.30587107,0.309,0.283,0.29653427
2021-01-15T00:00:00Z,0.29653427,0.30257656,0.2612,0.28049071
2021-01-16T00:00:00Z,0.28049071,0.2961,0.2759728,0.27977015
2021-01-17T00:00:00Z,0.27977015,0.28506878,0.26909867,0.27746604
2021-01-18T00:00:00Z,0.27746604,0.28968689,0.26293774,0.2863014
2021-01-19T00:00:00Z,0.2863014,0.32878598,0.28347955,0.29498441
2021-01-20T00:00:00Z,0.29309934,0.31124572,0.28,0.29448794
2021-01-21T00:00:00Z,0.29448794,0.30701678,0.26102625,0.26988818
2021-01-22T00:00:00Z,0.26988818,0.27755522,0.24,0.2735
2021-01-23T00:00:00Z,0.2735,0.28267598,0.26621628,0.27002232
2021-01-24T00:00:00Z,0.27002232,0.27717993,0.26840419,0.27194658
2021-01-25T00:00:00Z,0.27194658,0.28455523,0.26720363,0.26720363
2021-01-26T00:00:00Z,0.26700007,0.27150167,0.259,0.2691305
2021-01-27T00:00:00Z,0.26861272,0.26861272,0.24429495,0.25146612
2021-01-28T00:00:00Z,0.25037931,0.26975301,0.24902869,0.26508912
2021-01-29T00:00:00Z,0.26508912,0.315,0.26076071,0.28410677
2021-01-30T00:00:00Z,0.28410677,0.51484849,0.279,0.44
2021-01-31T00:00:00Z,0.44510204,0.50829353,0.38868745,0.4949678
2021-02-01T00:00:00Z,0.49663522,0.75604547,0.3612,0.3731333
2021-02-02T00:00:00Z,0.37511329,0.41290473,0.34171008,0.37295757
2021-02-03T00:00:00Z,0.37295757,0.4181794,0.37295757,0.39680426
2021-02-04T00:00:00Z,0.39765256,0.48099998,0.38103324,0.44474854
2021-02-05T00:00:00Z,0.44390405,0.46856564,0.42320772,0.45150289
2021-02-06T00:00:00Z,0.45150289,0.45660922,0.42454306,0.44254244
2021-02-07T00:00:00Z,0.44381385,0.45079375,0.3921,0.41954281
2021-02-08T00:00:00Z,0.4180681,0.467,0.413,0.451
2021-02-09T00:00:00Z,0.4525505,0.48989899,0.45,0.47520732
2021-02-10T00:00:00Z,0.47732346,0.5410874,0.45,0.50479774
2021-02-11T00:00:00Z,0.5066252,0.53472495,0.50016308,0.52753736
2021-02-12T00:00:00Z,0.52927367,0.619,0.51972864,0.61083673
2021-02-13T00:00:00Z,0.61280688,0.64404084,0.54500001,0.63363982
2021-02-14T00:00:00Z,0.635,0.63840971,0.563,0.59189447
2021-02-15T00:00:00Z,0.59189447,0.60349463,0.5116,0.54737072
2021-02-16T00:00:00Z,0.54737072,0.57923169,0.483,0.51994263
2021-02-17T00:00:00Z,0.51994263,0.556521,0.49593989,0.533
2021-02-18T00:00:00Z,0.533,0.559,0.52034214,0.53023807
2021-02-19T00:00:00Z,0.53023807,0.58166761,0.515,0.56339445
2021-02-20T00:00:00Z,0.56339445,0.58146666,0.47436658,0.51375051
2021-02-21T00:00:00Z,0.51375051,0.55749545,0.50434711,0.5448103
2021-02-22T00:00:00Z,0.54619931,0.65,0.51577304,0.56598611
2021-02-23T00:00:00Z,0.56598611,0.57,0.366,0.47682986
2021-02-24T00:00:00Z,0.47668035,0.49930003,0.45081036,0.46918461
2021-02-25T00:00:00Z,0.46918461,0.48119432,0.426,0.43434832
2021-02-26T00:00:00Z,0.43513127,0.45,0.412,0.42856999
2021-02-27T00:00:00Z,0.42856999,0.45872677,0.4277702,0.43651277
2021-02-28T00:00:00Z,0.4355,0.43772387,0.393455,0.41439571
2021-03-01T00:00:00Z,0.41439571,0.45324582,0.4131,0.4457978
2021-03-02T00:00:00Z,0.4457978,0.45389732,0.42107935,0.43521161
2021-03-03T00:00:00Z,0.43521161,0.46695706,0.43087349,0.44912347
2021-03-04T00:00:00Z,0.44912347,0.4943,0.43223347,0.4810199
2021-03-05T00:00:00Z,0.4810199,0.4810199,0.4467,0.45380435
2021-03-06T00:00:00Z,0.45380435,0.46995212,0.44967047,0.46300626
2021-03-07T00:00:00Z,0.46300626,0.50236395,0.45739335,0.46531783
2021-03-08T00:00:00Z,0.46630097,0.48888,0.4553,0.47365029
2021-03-09T00:00:00Z,0.47365029,0.48666,0.47247543,0.48491662
2021-03-10T00:00:00Z,0.48564457,0.488,0.45515103,0.46209021
2021-03-11T00:00:00Z,0.46198412,0.46341702,0.44129046,0.45179503
2021-03-12T00:00:00Z,0.45228592,0.46412456,0.42399,0.43888151
2021-03-13T00:00:00Z,0.43921,0.46546405,0.43274739,0.46005076
2021-03-14T00:00:00Z,0.46005076,0.46202004,0.439,0.439
2021-03-15T00:00:00Z,0.43972202,0.44732881,0.424,0.43547507
2021-03-16T00:00:00Z,0.43547507,0.52,0.42727027,0.45962488
2021-03-17T00:00:00Z,0.45962488,0.48174119,0.4542171,0.46959661
2021-03-18T00:00:00Z,0.46959661,0.4898,0.466,0.46936531
2021-03-19T00:00:00Z,0.46874514,0.47479982,0.46,0.46643595
2021-03-20T00:00:00Z,0.4664,0.54960326,0.4648491,0.52674753
2021-03-21T00:00:00Z,0.52702923,0.54363157,0.49578815,0.51661355
2021-03-22T00:00:00Z,0.51661355,0.59977778,0.50234637,0.54408728
2021-03-23T00:00:00Z,0.54408728,0.595,0.5378478,0.54988548
2021-03-24T00:00:00Z,0.54751641,0.56199446,0.454,0.48074198
2021-03-25T00:00:00Z,0.47888243,0.52304284,0.4595206,0.5081736
2021-03-26T00:00:00Z,0.5081736,0.57545822,0.5081736,0.5633
2021-03-27T00:00:00Z,0.5633,0.57373906,0.534958,0.54699202
2021-03-28T00:00:00Z,0.54699202,0.55967727,0.53964801,0.54700669
2021-03-29T00:00:00Z,0.54510932,0.57,0.54448195,0.56564658
2021-03-30T00:00:00Z,0.56564659,0.58644677,0.55817378,0.56276778
2021-03-31T00:00:00Z,0.56220323,0.57572308,0.53,0.57033541
2021-04-01T00:00:00Z,0.5701771,0.59406338,0.55,0.57139568
2021-04-02T00:00:00Z,0.57139568,0.60818093,0.56513147,0.608
2021-04-03T00:00:00Z,0.6094091,0.64111111,0.574,0.57875552
2021-04-04T00:00:00Z,0.57509414,0.63480284,0.56685953,0.63480284
2021-04-05T00:00:00Z,0.63480284,0.938,0.61991717,0.91485233
2021-04-06T00:00:00Z,0.91901289,1.11589866,0.80715536,1.0927858
2021-04-07T00:00:00Z,1.10293118,1.10431721,0.85582757,0.91466984
2021-04-08T00:00:00Z,0.91749546,1.07,0.90215913,1.05430404
2021-04-09T00:00:00Z,1.05783935,1.08311868,0.98380268,1.0181
2021-04-10T00:00:00Z,1.02058157,1.3998,1.00926398,1.37181063
2021-04-11T00:00:00Z,1.37648807,1.492,1.3,1.35819729
2021-04-12T00:00:00Z,1.353,1.47259474,1.32021574,1.467
2021-04-13T00:00:00Z,1.47,1.88868207,1.42208654,1.7965611
2021-04-14T00:00:00Z,1.79662458,1.965,1.56466419,1.83294356
2021-04-15T00:00:00Z,1.84499848,1.88118637,1.65390465,1.76122031
2021-04-16T00:00:00Z,1.76494607,1.80561724,1.40405598,1.54523125
2021-04-17T00:00:00Z,1.54936943,1.74439244,1.53082751,1.53634575
2021-04-18T00:00:00Z,1.5425983,1.56105117,1.14354361,1.40716339
2021-04-19T00:00:00Z,1.41000001,1.5290676,1.252729,1.31451539
2021-04-20T00:00:00Z,1.31451539,1.44415032,1.18108201,1.37406222
2021-04-21T00:00:00Z,1.38992045,1.4603,1.27456617,1.29078485
2021-04-22T00:00:00Z,1.29078485,1.42143649,1.1437259,1.15918294
2021-04-23T00:00:00Z,1.15472035,1.19563921,0.88851297,1.17123021
2021-04-24T00:00:00Z,1.17123021,1.17123021,1.0232445,1.05012535
2021-04-25T00:00:00Z,1.05075462,1.15422947,0.94498567,1.0346297
2021-04-26T00:00:00Z,1.036,1.37303822,1.01278878,1.36650589
2021-04-27T00:00:00Z,1.3584,1.46,1.32888598,1.40142271
2021-04-28T00:00:00Z,1.40354784,1.44750773,1.28122496,1.36042264
2021-04-29T00:00:00Z,1.36042264,1.4179,1.32781457,1.39878581
2021-04-30T00:00:00Z,1.39810007,1.63778078,1.3760247,1.59711865
2021-05-01T00:00:00Z,1.5951592,1.66556517,1.52143635,1.65049374
2021-05-02T00:00:00Z,1.64995237,1.655,1.52251135,1.56412169
2021-05-03T00:00:00Z,1.56412169,1.62179998,1.51333,1.5563317
2021-05-04T00:00:00Z,1.55650617,1.55650617,1.32027343,1.38755572
2021-05-05T00:00:00Z,1.38667831,1.62360264,1.36798631,1.60956096
2021-05-06T00:00:00Z,1.62,1.76645693,1.531,1.60083085
2021-05-07T00:00:00Z,1.60083085,1.69448197,1.50839136,1.58051783
2021-05-08T00:00:00Z,1.57822993,1.62730043,1.53999838,1.5626838
2021-05-09T00:00:00Z,1.5626838,1.59375191,1.43265875,1.53192042
2021-05-10T00:00:00Z,1.53192042,1.62785899,1.22294239,1.39148783
2021-05-11T00:00:00Z,1.38854418,1.48717238,1.35765483,1.47900958
2021-05-12T00:00:00Z,1.47953579,1.545,1.23734122,1.2673476
2021-05-13T00:00:00Z,1.26692478,1.388668,1.2,1.34997053
2021-05-14T00:00:00Z,1.36311933,1.44621302,1.32140784,1.40144217
2021-05-15T00:00:00Z,1.40144217,1.58061005,1.32093443,1.48587841
2021-05-16T00:00:00Z,1.49117435,1.61011316,1.34571977,1.45
2021-05-17T00:00:00Z,1.45,1.576,1.327,1.49715806
2021-05-18T00:00:00Z,1.49942712,1.7025,1.47410352,1.58989642
2021-05-19T00:00:00Z,1.58989642,1.64159465,0.8963132,1.05945632
2021-05-20T00:00:00Z,1.06070677,1.265,0.9332821,1.17635862
2021-05-21T00:00:00Z,1.17755132,1.21660822,0.8679054,1.00615108
2021-05-22T00:00:00Z,1.00549097,1.01453555,0.81922662,0.90464329
2021-05-23T00:00:00Z,0.90335124,0.965,0.65,0.79100968
2021-05-24T00:00:00Z,0.79120763,0.9958916,0.75520173,0.98533571
2021-05-25T00:00:00Z,0.98737053,1.05774632,0.88132154,0.97183794
2021-05-26T00:00:00Z,0.97511264,1.06712405,0.948274,1.02981792
2021-05-27T00:00:00Z,1.02981792,1.04054891,0.9342287,0.97014308
2021-05-28T00:00:00Z,0.97014308,0.97964349,0.84639571,0.89857745
2021-05-29T00:00:00Z,0.89857745,0.93912564,0.793,0.82867936
2021-05-30T00:00:00Z,0.82952891,0.93212386,0.7986808,0.90700361
2021-05-31T00:00:00Z,0.90700361,1.04945283,0.88272943,1.04714989
2021-06-01T00:00:00Z,1.03814476,1.09901277,0.97572,1.01017692
2021-06-02T00:00:00Z,1.01017692,1.04721777,0.98146086,1.02403691
2021-06-03T00:00:00Z,1.0230302,1.0781654,1.00775196,1.04296985
2021-06-04T00:00:00Z,1.04296985,1.04296985,0.91579198,0.96901938
2021-06-05T00:00:00Z,0.97075073,0.99797534,0.89441763,0.91533499
2021-06-06T00:00:00Z,0.91533499,0.948,0.91533499,0.94571458
2021-06-07T00:00:00Z,0.94630674,0.97438804,0.84104315,0.85438703
2021-06-08T00:00:00Z,0.85438703,0.88655851,0.78543071,0.87480855
2021-06-09T00:00:00Z,0.87321529,0.92023486,0.83038719,0.92023486
2021-06-10T00:00:00Z,0.92302636,0.92925272,0.853,0.86673927
2021-06-11T00:00:00Z,0.86673927,0.879383,0.83476639,0.84711094
2021-06-12T00:00:00Z,0.8462605,0.84681587,0.80641996,0.83155003
2021-06-13T00:00:00Z,0.83377986,0.88704787,0.81823105,0.88341873
2021-06-14T00:00:00Z,0.88341873,0.9292596,0.86306235,0.88946328
2021-06-15T00:00:00Z,0.88960539,0.9018445,0.8562078,0.86665961
2021-06-16T00:00:00Z,0.86603012,0.87318615,0.8266205,0.83
2021-06-17T00:00:00Z,0.83,0.86,0.82468686,0.84156469
2021-06-18T00:00:00Z,0.84156469,0.84489576,0.77062933,0.79708312
2021-06-19T00:00:00Z,0.79708312,0.80532869,0.756346,0.76052995
2021-06-20T00:00:00Z,0.76052995,0.7841,0.69745273,0.77567309
2021-06-21T00:00:00Z,0.77676303,0.77970348,0.605,0.6075998
2021-06-22T00:00:00Z,0.60955414,0.64807314,0.51000001,0.54662599
2021-06-23T00:00:00Z,0.54527552,0.66399427,0.52315596,0.63674293
2021-06-24T00:00:00Z,0.63674293,0.69156081,0.61711114,0.672
2021-06-25T00:00:00Z,0.672,0.68745471,0.60300721,0.61507946
2021-06-26T00:00:00Z,0.61279643,0.63216337,0.5820908,0.61612701
2021-06-27T00:00:00Z,0.61612701,0.65034736,0.5973084,0.64662091
2021-06-28T00:00:00Z,0.64854834,0.65620999,0.62507948,0.64299558
2021-06-29T00:00:00Z,0.64651204,0.732,0.64211679,0.70530028
2021-06-30T00:00:00Z,0.70530028,0.71416555,0.64879106,0.70385408
2021-07-01T00:00:00Z,0.70385408,0.70385408,0.644,0.65978125
2021-07-02T00:00:00Z,0.65978125,0.6654859,0.63288195,0.653918
2021-07-03T00:00:00Z,0.653918,0.68495454,0.64427249,0.67376029
2021-07-04T00:00:00Z,0.67376029,0.70843585,0.6687,0.6956745
2021-07-05T00:00:00Z,0.693,0.69633399,0.64509001,0.65370224
2021-07-06T00:00:00Z,0.6517028,0.67968126,0.6517028,0.66510539
2021-07-07T00:00:00Z,0.66510539,0.67343454,0.65042309,0.65042309
2021-07-08T00:00:00Z,0.65102921,0.65285064,0.6120384,0.62347064
2021-07-09T00:00:00Z,0.62182303,0.64502214,0.59250773,0.63687495
2021-07-10T00:00:00Z,0.63687495,0.64845321,0.61374081,0.6258123
2021-07-11T00:00:00Z,0.6258123,0.64323848,0.61766,0.63538444
2021-07-12T00:00:00Z,0.63538444,0.65752508,0.61829469,0.63
2021-07-13T00:00:00Z,0.63,0.641,0.61125637,0.61953018
2021-07-14T00:00:00Z,0.61953018,0.62397615,0.58702022,0.61796232
2021-07-15T00:00:00Z,0.61796232,0.62621522,0.5884366,0.59454685
2021-07-16T00:00:00Z,0.59454685,0.61765836,0.58811756,0.58919144
2021-07-17T00:00:00Z,0.58919144,0.5977067,0.56250146,0.58264928
2021-07-18T00:00:00Z,0.58264928,0.6007739,0.57374141,0.58727916
2021-07-19T00:00:00Z,0.58727916,0.5886452,0.554,0.55681454
2021-07-20T00:00:00Z,0.55681454,0.56919985,0.51663323,0.52948983
2021-07-21T00:00:00Z,0.52948983,0.58342696,0.51989461,0.57008054
2021-07-22T00:00:00Z,0.57008054,0.60250523,0.56162706,0.59202151
2021-07-23T00:00:00Z,0.59202151,0.6094126,0.57575873,0.60817015
2021-07-24T00:00:00Z,0.61,0.62,0.60057536,0.60894662
2021-07-25T00:00:00Z,0.60894662,0.61054307,0.59165857,0.60602662
2021-07-26T00:00:00Z,0.60602662,0.678,0.60602662,0.62637912
2021-07-27T00:00:00Z,0.62637912,0.65209419,0.61376972,0.64418777
2021-07-28T00:00:00Z,0.64478094,0.752,0.6319785,0.7337039
2021-07-29T00:00:00Z,0.73167483,0.76683184,0.69787361,0.74975084
2021-07-30T00:00:00Z,0.74940148,0.76876384,0.71307111,0.75075909
2021-07-31T00:00:00Z,0.7511507,0.7571927,0.739,0.74871218
2021-08-01T00:00:00Z,0.74871218,0.77715332,0.70744075,0.72606941
2021-08-02T00:00:00Z,0.72433401,0.77329753,0.71625184,0.74116236
2021-08-03T00:00:00Z,0.73795179,0.74261212,0.701,0.71545671
2021-08-04T00:00:00Z,0.71545671,0.73930139,0.69614529,0.73110335
2021-08-05T00:00:00Z,0.73110335,0.7393654,0.7016521,0.732814
2021-08-06T00:00:00Z,0.732814,0.75311476,0.72380435,0.74762605
2021-08-07T00:00:00Z,0.74762605,0.81861328,0.74195435,0.81783082
2021-08-08T00:00:00Z,0.81450198,0.84083911,0.772,0.77920788
2021-08-09T00:00:00Z,0.78098927,0.82777336,0.76,0.81970522
2021-08-10T00:00:00Z,0.81970522,0.86239097,0.80099393,0.85105078
2021-08-11T00:00:00Z,0.8515959,1.0898075,0.85103936,1.01114951
2021-08-12T00:00:00Z,1.01143503,1.04451158,0.92354462,0.9637
2021-08-13T00:00:00Z,0.9637,1.09606613,0.95067775,1.08998328
2021-08-14T00:00:00Z,1.09084012,1.30973869,1.07137982,1.27828129
2021-08-15T00:00:00Z,1.27959428,1.34913167,1.225,1.28819849
2021-08-16T00:00:00Z,1.28819849,1.33,1.14030908,1.19150902
2021-08-17T00:00:00Z,1.18514492,1.225,1.0868959,1.09564074
2021-08-18T00:00:00Z,1.099,1.195,1.05369918,1.14256133
2021-08-19T00:00:00Z,1.14256133,1.23520595,1.09159367,1.23401606
2021-08-20T00:00:00Z,1.23488682,1.28836539,1.2023,1.26249414
2021-08-21T00:00:00Z,1.26326592,1.2818519,1.20257632,1.21736473
2021-08-22T00:00:00Z,1.21736473,1.25500308,1.17800001,1.22734244
2021-08-23T00:00:00Z,1.22734244,1.30313017,1.20448334,1.24709271
2021-08-24T00:00:00Z,1.24579339,1.26479359,1.12052676,1.13978008
2021-08-25T00:00:00Z,1.13459957,1.17629856,1.108,1.17174124
2021-08-26T00:00:00Z,1.17174124,1.18535673,1.06511702,1.07
2021-08-27T00:00:00Z,1.0725,1.19127197,1.05164392,1.19127197
2021-08-28T00:00:00Z,1.19127197,1.196,1.13346653,1.145013
2021-08-29T00:00:00Z,1.146368,1.16783375,1.1165005,1.14
2021-08-30T00:00:00Z,1.14,1.14870642,1.09545186,1.09545186
2021-08-31T00:00:00Z,1.10011884,1.24127499,1.09428397,1.18855853
2021-09-01T00:00:00Z,1.18347856,1.23678996,1.16049004,1.23678996
2021-09-02T00:00:00Z,1.23490956,1.2950334,1.22320509,1.25363473
2021-09-03T00:00:00Z,1.2540497,1.3219,1.22143237,1.29277953
2021-09-04T00:00:00Z,1.28828632,1.29586528,1.23690008,1.2523291
2021-09-05T00:00:00Z,1.25625241,1.31115443,1.23734145,1.30639453
2021-09-06T00:00:00Z,1.30639453,1.41496765,1.30639453,1.39
2021-09-07T00:00:00Z,1.39,1.39,0.96533786,1.128
2021-09-08T00:00:00Z,1.13072241,1.14695424,1.0172,1.09479466
2021-09-09T00:00:00Z,1.09479466,1.13737163,1.07343326,1.08298995
2021-09-10T00:00:00Z,1.08603092,1.24181005,1.03116428,1.05480465
2021-09-11T00:00:00Z,1.05480465,1.11233166,1.05134003,1.07620251
2021-09-12T00:00:00Z,1.07926585,1.12653072,1.05855792,1.12039566
2021-09-13T00:00:00Z,1.12039566,1.12680273,1.0255,1.06497097
2021-09-14T00:00:00Z,1.06497097,1.09718656,1.05888737,1.09572236
2021-09-15T00:00:00Z,1.09572236,1.129,1.07863448,1.11810994
2021-09-16T00:00:00Z,1.11810994,1.12755158,1.06750414,1.09039698
2021-09-17T00:00:00Z,1.08954504,1.10176705,1.0523135,1.062
2021-09-18T00:00:00Z,1.062,1.09484708,1.05678389,1.0752217
2021-09-19T00:00:00Z,1.0752217,1.08289774,1.03680241,1.04661654
2021-09-20T00:00:00Z,1.04837023,1.04837023,0.87352925,0.91711554
2021-09-21T00:00:00Z,0.91711554,0.95907156,0.85955625,0.87340365
2021-09-22T00:00:00Z,0.87292481,1.00896406,0.8694753,1.00169074
2021-09-23T00:00:00Z,1.00169074,1.01618246,0.96963353,0.99865146
2021-09-24T00:00:00Z,0.99865146,1.00187893,0.88877321,0.94230862
2021-09-25T00:00:00Z,0.94230862,0.9566617,0.91809222,0.94158879
2021-09-26T00:00:00Z,0.94158879,0.95600123,0.89213213,0.9443857
2021-09-27T00:00:00Z,0.9443857,0.98019243,0.9218089,0.92241074
2021-09-28T00:00:00Z,0.92077501,0.94232103,0.89530577,0.89530577
2021-09-29T00:00:00Z,0.89530577,0.99142932,0.88836,0.92687524
2021-09-30T00:00:00Z,0.92687524,0.96210278,0.92687524,0.95087167
2021-10-01T00:00:00Z,0.95087167,1.067,0.94499646,1.033
2021-10-02T00:00:00Z,1.033,1.07115941,1.00949482,1.037
2021-10-03T00:00:00Z,1.037,1.08803277,1.023,1.05508609
2021-10-04T00:00:00Z,1.05508609,1.05876827,1.00665154,1.04372112
2021-10-05T00:00:00Z,1.04372112,1.08799997,1.04017643,1.08699995
2021-10-06T00:00:00Z,1.08699995,1.10599999,1.01945008,1.07635029
2021-10-07T00:00:00Z,1.07635029,1.09285269,1.04427822,1.06846
2021-10-08T00:00:00Z,1.06846,1.091,1.054,1.05987
2021-10-09T00:00:00Z,1.05987,1.20837255,1.05987,1.15993083
2021-10-10T00:00:00Z,1.15993083,1.22817784,1.127,1.13818014
2021-10-11T00:00:00Z,1.13818014,1.18038355,1.10443618,1.13157012
2021-10-12T00:00:00Z,1.13157012,1.13735,1.06522857,1.10075142
2021-10-13T00:00:00Z,1.10075142,1.13814204,1.07604276,1.12717831
2021-10-14T00:00:00Z,1.12717831,1.15744762,1.11876323,1.13317286
2021-10-15T00:00:00Z,1.13317286,1.16418536,1.093,1.14070013
2021-10-16T00:00:00Z,1.14070013,1.18680925,1.13109852,1.13523532
2021-10-17T00:00:00Z,1.13523532,1.13988866,1.02,1.09074624
2021-10-18T00:00:00Z,1.09483,1.1048467,1.0642096,1.08289008
2021-10-19T00:00:00Z,1.08289008,1.10024982,1.0676949,1.09169548
2021-10-20T00:00:00Z,1.09169548,1.15325371,1.08662219,1.14506127
2021-10-21T00:00:00Z,1.14506127,1.16464794,1.087,1.08992106
2021-10-22T00:00:00Z,1.089,1.1266,1.07553343,1.08879925
2021-10-23T00:00:00Z,1.08879925,1.10075945,1.07649141,1.092
2021-10-24T00:00:00Z,1.092,1.09521721,1.05363225,1.08372517
2021-10-25T00:00:00Z,1.08375978,1.10245256,1.07967508,1.09465554
2021-10-26T00:00:00Z,1.09465554,1.16,1.09257659,1.1079986
2021-10-27T00:00:00Z,1.1079986,1.12233166,0.952,0.99597639
2021-10-28T00:00:00Z,0.99597639,1.08090226,0.9816134,1.05722145
2021-10-29T00:00:00Z,1.05878544,1.09007539,1.055,1.08062457
2021-10-30T00:00:00Z,1.08062457,1.1151005,1.06282092,1.08407277
2021-10-31T00:00:00Z,1.08608139,1.15326363,1.06961733,1.11389863
2021-11-01T00:00:00Z,1.11389863,1.132,1.07,1.09246602
2021-11-02T00:00:00Z,1.09246602,1.14572957,1.0875549,1.13525733
2021-11-03T00:00:00Z,1.13525733,1.23329804,1.12664063,1.20943836
2021-11-04T00:00:00Z,1.20943836,1.2563,1.16399258,1.19827699
2021-11-05T00:00:00Z,1.20023746,1.20122176,1.13399217,1.15861713
2021-11-06T00:00:00Z,1.15861713,1.1752,1.15500594,1.16423303